Id,Image,Part No,Name,Color,Quantity,Average Price,Value,Remarks
1,"=IMAGE(""HTTP://img.bricklink.com/P/1/3678b.jpg"")",3678b,Slope 65 2 x 2 x 2 with Bottom Tube,White,7,0.1147,0.8029
2,"=IMAGE(""HTTP://img.bricklink.com/P/86/3678b.jpg"")",3678b,Slope 65 2 x 2 x 2 with Bottom Tube,Light Bluish Gray,31,0.0967,2.9977
3,"=IMAGE(""HTTP://img.bricklink.com/P/68/3678b.jpg"")",3678b,Slope 65 2 x 2 x 2 with Bottom Tube,Dark Orange,21,0.1914,4.0194
4,"=IMAGE(""HTTP://img.bricklink.com/P/93/3039.jpg"")",3039,Slope 45 2 x 2,Light Purple,28,0.0000,0.0
5,"=IMAGE(""HTTP://img.bricklink.com/P/1/3039.jpg"")",3039,Slope 45 2 x 2,various,20,0.1,2.0
6,"=IMAGE(""HTTP://img.bricklink.com/P/1/3039.jpg"")",3039,Slope 45 2 x 2,White,26,0.0661,1.7186000000000001
7,"=IMAGE(""HTTP://img.bricklink.com/P/59/3039.jpg"")",3039,Slope 45 2 x 2,Dark Red,48,0.0603,2.8944
8,"=IMAGE(""HTTP://img.bricklink.com/P/5/3039.jpg"")",3039,Slope 45 2 x 2,Red,44,0.0473,2.0812
9,"=IMAGE(""HTTP://img.bricklink.com/P/8/3039.jpg"")",3039,Slope 45 2 x 2,Brown,47,0.2130,10.011
10,"=IMAGE(""HTTP://img.bricklink.com/P/63/3039.jpg"")",3039,Slope 45 2 x 2,Dark Blue,123,0.0492,6.0516
11,"=IMAGE(""HTTP://img.bricklink.com/P/85/3039.jpg"")",3039,Slope 45 2 x 2,Dark Bluish Gray,39,0.0591,2.3049
12,"=IMAGE(""HTTP://img.bricklink.com/P/6/3039.jpg"")",3039,Slope 45 2 x 2,Green,35,0.0382,1.337
13,"=IMAGE(""HTTP://img.bricklink.com/P/71/3039.jpg"")",3039,Slope 45 2 x 2,Magenta,36,0.0439,1.5804
14,"=IMAGE(""HTTP://img.bricklink.com/P/86/3039.jpg"")",3039,Slope 45 2 x 2,Light Bluish Gray,6,0.0567,0.3402
15,"=IMAGE(""HTTP://img.bricklink.com/P/155/3039.jpg"")",3039,Slope 45 2 x 2,Olive Green,30,0.0953,2.859
16,"=IMAGE(""HTTP://img.bricklink.com/P/88/3660.jpg"")",3660,"Slope, Inverted 45 2 x 2",Reddish Brown,20,0.0354,0.708
17,"=IMAGE(""HTTP://img.bricklink.com/P/7/3660.jpg"")",3660,"Slope, Inverted 45 2 x 2",Blue,68,0.0403,2.7404
18,"=IMAGE(""HTTP://img.bricklink.com/P/12/3039.jpg"")",3039,Slope 45 2 x 2,Trans-Clear,1864,0.0429,79.9656
19,"=IMAGE(""HTTP://img.bricklink.com/P/6/3660.jpg"")",3660,"Slope, Inverted 45 2 x 2",Green,13,0.0364,0.4732
20,"=IMAGE(""HTTP://img.bricklink.com/P/5/3660.jpg"")",3660,"Slope, Inverted 45 2 x 2",Red,45,0.0515,2.3175
21,"=IMAGE(""HTTP://img.bricklink.com/P/1/3660.jpg"")",3660,"Slope, Inverted 45 2 x 2",White,201,0.1139,22.8939
22,"=IMAGE(""HTTP://img.bricklink.com/P/88/3660.jpg"")",3660,"Slope, Inverted 45 2 x 2",Reddish Brown,51,0.0354,1.8054000000000001
23,"=IMAGE(""HTTP://img.bricklink.com/P/5/3298.jpg"")",3298,Slope 33 3 x 2,Red,92,0.0541,4.9772
24,"=IMAGE(""HTTP://img.bricklink.com/P/85/3298.jpg"")",3298,Slope 33 3 x 2,Dark Bluish Gray,120,0.1188,14.256
25,"=IMAGE(""HTTP://img.bricklink.com/P/6/3298.jpg"")",3298,Slope 33 3 x 2,Green,83,0.2972,24.6676
26,"=IMAGE(""HTTP://img.bricklink.com/P/7/3298.jpg"")",3298,Slope 33 3 x 2,Blue,38,0.0535,2.033
27,"=IMAGE(""HTTP://img.bricklink.com/P/1/3298.jpg"")",3298,Slope 33 3 x 2,White,32,0.0835,2.672
28,"=IMAGE(""HTTP://img.bricklink.com/P/9/30363.jpg"")",30363,Slope 18 4 x 2,Light Gray,9,1.3276,11.9484
29,"=IMAGE(""HTTP://img.bricklink.com/P/1/30363.jpg"")",N/A,Misc Slopes,Various,16,0.1,1.6
30,"=IMAGE(""HTTP://img.bricklink.com/P/6/3040.jpg"")",3040,Slope 45 2 x 1,Green,81,0.0331,2.6811
31,"=IMAGE(""HTTP://img.bricklink.com/P/47/3040.jpg"")",3040,Slope 45 2 x 1,Dark Pink,21,0.0561,1.1781
32,"=IMAGE(""HTTP://img.bricklink.com/P/71/3040.jpg"")",3040,Slope 45 2 x 1,Magenta,268,0.0259,6.9412
33,"=IMAGE(""HTTP://img.bricklink.com/P/1/3040.jpg"")",3040,Slope 45 2 x 1,White,50,0.0347,1.735
34,"=IMAGE(""HTTP://img.bricklink.com/P/85/3040.jpg"")",3040,Slope 45 2 x 1,Dark Bluish Gray,20,0.0407,0.8140000000000001
35,"=IMAGE(""HTTP://img.bricklink.com/P/88/3040.jpg"")",3040,Slope 45 2 x 1,Reddish Brown,34,0.0484,1.6456
36,"=IMAGE(""HTTP://img.bricklink.com/P/86/3040.jpg"")",3040,Slope 45 2 x 1,Light Bluish Gray,76,0.0404,3.0704
37,"=IMAGE(""HTTP://img.bricklink.com/P/2/3040.jpg"")",3040,Slope 45 2 x 1,Tan,85,0.0325,2.7625
38,"=IMAGE(""HTTP://img.bricklink.com/P/5/3040.jpg"")",3040,Slope 45 2 x 1,Red,171,0.0303,5.1813
39,"=IMAGE(""HTTP://img.bricklink.com/P/104/3040.jpg"")",3040,Slope 45 2 x 1,Bright Pink,231,0.0410,9.471
40,"=IMAGE(""HTTP://img.bricklink.com/P/153/3040.jpg"")",3040,Slope 45 2 x 1,Dark Azure,230,0.0594,13.662
41,"=IMAGE(""HTTP://img.bricklink.com/P/4/3040.jpg"")",3040,Slope 45 2 x 1,Orange,184,0.0247,4.5448
42,"=IMAGE(""HTTP://img.bricklink.com/P/3/3040.jpg"")",3040,Slope 45 2 x 1,Yellow,55,0.0306,1.6829999999999998
43,"=IMAGE(""HTTP://img.bricklink.com/P/3/4286.jpg"")",4286,Slope 33 3 x 1,Yellow,50,0.0588,2.94
44,"=IMAGE(""HTTP://img.bricklink.com/P/5/4286.jpg"")",4286,Slope 33 3 x 1,Red,36,0.0363,1.3068
45,"=IMAGE(""HTTP://img.bricklink.com/P/6/4286.jpg"")",4286,Slope 33 3 x 1,Green,70,0.0402,2.814
46,"=IMAGE(""HTTP://img.bricklink.com/P/88/4286.jpg"")",4286,Slope 33 3 x 1,Reddish Brown,47,0.0581,2.7307
47,"=IMAGE(""HTTP://img.bricklink.com/P/10/4286.jpg"")",4286,Slope 33 3 x 1,Dark Gray,25,0.1242,3.105
48,"=IMAGE(""HTTP://img.bricklink.com/P/11/4286.jpg"")",4286,Slope 33 3 x 1,Black,82,0.0405,3.321
49,"=IMAGE(""HTTP://img.bricklink.com/P/7/4286.jpg"")",4286,Slope 33 3 x 1,Blue,31,0.0357,1.1067
50,"=IMAGE(""HTTP://img.bricklink.com/P/1/4286.jpg"")",4286,Slope 33 3 x 1,White,28,0.0690,1.9320000000000002
51,"=IMAGE(""HTTP://img.bricklink.com/P/4/3665.jpg"")",3665,"Slope, Inverted 45 2 x 1",Orange,154,0.0442,6.806800000000001
52,"=IMAGE(""HTTP://img.bricklink.com/P/24/3665.jpg"")",3665,"Slope, Inverted 45 2 x 1",Purple,60,0.1525,9.15
53,"=IMAGE(""HTTP://img.bricklink.com/P/11/3665.jpg"")",3665,"Slope, Inverted 45 2 x 1",Black,60,0.0413,2.478
54,"=IMAGE(""HTTP://img.bricklink.com/P/6/3665.jpg"")",3665,"Slope, Inverted 45 2 x 1",Green,103,0.0359,3.6977
55,"=IMAGE(""HTTP://img.bricklink.com/P/1/3665.jpg"")",3665,"Slope, Inverted 45 2 x 1",White,159,0.0333,5.294700000000001
56,"=IMAGE(""HTTP://img.bricklink.com/P/3/3665.jpg"")",3665,"Slope, Inverted 45 2 x 1",Yellow,13,0.0423,0.5498999999999999
57,"=IMAGE(""HTTP://img.bricklink.com/P/3/2456.jpg"")",2456,Brick 2 x 6,Yellow,116,0.1596,18.5136
58,"=IMAGE(""HTTP://img.bricklink.com/P/85/2456.jpg"")",2456,Brick 2 x 6,Dark Bluish Gray,44,0.1964,8.6416
59,"=IMAGE(""HTTP://img.bricklink.com/P/2/2456.jpg"")",2456,Brick 2 x 6,Tan,59,0.1675,9.8825
60,"=IMAGE(""HTTP://img.bricklink.com/P/5/2456.jpg"")",2456,Brick 2 x 6,Red,122,0.1882,22.9604
61,"=IMAGE(""HTTP://img.bricklink.com/P/7/2456.jpg"")",2456,Brick 2 x 6,Blue,14,0.1607,2.2498
62,"=IMAGE(""HTTP://img.bricklink.com/P/86/2456.jpg"")",2456,Brick 2 x 6,Light Bluish Gray,15,0.2007,3.0105
63,"=IMAGE(""HTTP://img.bricklink.com/P/2/3795.jpg"")",3795,Plate 2 x 6,Tan,20,0.0923,1.8459999999999999
64,"=IMAGE(""HTTP://img.bricklink.com/P/1/3795.jpg"")",3795,Plate 2 x 6,White,32,0.0996,3.1872
65,"=IMAGE(""HTTP://img.bricklink.com/P/69/3795.jpg"")",3795,Plate 2 x 6,Dark Tan,16,0.0676,1.0816
66,"=IMAGE(""HTTP://img.bricklink.com/P/88/3795.jpg"")",3795,Plate 2 x 6,Reddish Brown,102,0.0617,6.2934
67,"=IMAGE(""HTTP://img.bricklink.com/P/7/3795.jpg"")",3795,Plate 2 x 6,Blue,13,0.0822,1.0686
68,"=IMAGE(""HTTP://img.bricklink.com/P/3/3795.jpg"")",3795,Plate 2 x 6,Yellow,34,0.0781,2.6554
69,"=IMAGE(""HTTP://img.bricklink.com/P/5/3795.jpg"")",3795,Plate 2 x 6,Red,25,0.0981,2.4525
70,"=IMAGE(""HTTP://img.bricklink.com/P/5/3034.jpg"")",3034,Plate 2 x 8,Red,156,0.1259,19.640400000000003
71,"=IMAGE(""HTTP://img.bricklink.com/P/85/3738.jpg"")",3738,"Technic, Plate 2 x 8 with 7 Holes",Dark Bluish Gray,44,0.2211,9.728399999999999
72,"=IMAGE(""HTTP://img.bricklink.com/P/7/3034.jpg"")",3034,Plate 2 x 8,Blue,15,0.0976,1.4640000000000002
73,"=IMAGE(""HTTP://img.bricklink.com/P/3/3034.jpg"")",3034,Plate 2 x 8,Yellow,19,0.1606,3.0513999999999997
74,"=IMAGE(""HTTP://img.bricklink.com/P/86/3007.jpg"")",3007,Brick 2 x 8,Light Bluish Gray,21,0.3445,7.2345
75,"=IMAGE(""HTTP://img.bricklink.com/P/1/3007.jpg"")",3007,Brick 2 x 8,White,41,0.3862,15.8342
76,"=IMAGE(""HTTP://img.bricklink.com/P/5/3007.jpg"")",3007,Brick 2 x 8,Red,93,0.2858,26.5794
77,"=IMAGE(""HTTP://img.bricklink.com/P/3/3007.jpg"")",3007,Brick 2 x 8,Yellow,69,0.2591,17.8779
78,"=IMAGE(""HTTP://img.bricklink.com/P/7/3007.jpg"")",3007,Brick 2 x 8,Blue,63,0.2476,15.598799999999999
79,"=IMAGE(""HTTP://img.bricklink.com/P/1/3832.jpg"")",3832,Plate 2 x 10,White,18,0.2137,3.8466
80,"=IMAGE(""HTTP://img.bricklink.com/P/2/3832.jpg"")",3832,Plate 2 x 10,Tan,223,0.1313,29.2799
81,"=IMAGE(""HTTP://img.bricklink.com/P/86/2445.jpg"")",2445,Plate 2 x 12,Light Bluish Gray,100,0.2676,26.76
82,"=IMAGE(""HTTP://img.bricklink.com/P/1/3832.jpg"")",N/A,Misc 2x10-12,Various,25,0.1,2.5
83,"=IMAGE(""HTTP://img.bricklink.com/P/1/3795.jpg"")",N/A,Misc 2x6,Various,34,0.1,3.4000000000000004
84,"=IMAGE(""HTTP://img.bricklink.com/P/1/3034.jpg"")",N/A,Misc 2x8,Various,45,0.1,4.5
85,"=IMAGE(""HTTP://img.bricklink.com/P/3/3020.jpg"")",3020,Plate 2 x 4,Yellow,46,0.0763,3.5098000000000003
86,"=IMAGE(""HTTP://img.bricklink.com/P/80/3020.jpg"")",3020,Plate 2 x 4,Dark Green,49,0.1004,4.9196
87,"=IMAGE(""HTTP://img.bricklink.com/P/86/3020.jpg"")",3020,Plate 2 x 4,Light Bluish Gray,100,0.0666,6.660000000000001
88,"=IMAGE(""HTTP://img.bricklink.com/P/85/3020.jpg"")",3020,Plate 2 x 4,Dark Bluish Gray,68,0.0593,4.0324
89,"=IMAGE(""HTTP://img.bricklink.com/P/11/3020.jpg"")",3020,Plate 2 x 4,Black,126,0.0711,8.958599999999999
90,"=IMAGE(""HTTP://img.bricklink.com/P/68/3020.jpg"")",3020,Plate 2 x 4,Dark Orange,38,0.1395,5.301
91,"=IMAGE(""HTTP://img.bricklink.com/P/6/3020.jpg"")",3020,Plate 2 x 4,Green,110,0.0882,9.702
92,"=IMAGE(""HTTP://img.bricklink.com/P/155/3020.jpg"")",3020,Plate 2 x 4,Olive Green,89,0.1800,16.02
93,"=IMAGE(""HTTP://img.bricklink.com/P/5/3020.jpg"")",3020,Plate 2 x 4,Red,420,0.0648,27.215999999999998
94,"=IMAGE(""HTTP://img.bricklink.com/P/69/3020.jpg"")",3020,Plate 2 x 4,Dark Tan,101,0.0653,6.5953
95,"=IMAGE(""HTTP://img.bricklink.com/P/157/3020.jpg"")",3020,Plate 2 x 4,Medium Lavender,57,0.0535,3.0495
96,"=IMAGE(""HTTP://img.bricklink.com/P/4/3020.jpg"")",3020,Plate 2 x 4,Orange,72,0.0626,4.5072
97,"=IMAGE(""HTTP://img.bricklink.com/P/24/3020.jpg"")",3020,Plate 2 x 4,Purple,26,1.1131,28.9406
98,"=IMAGE(""HTTP://img.bricklink.com/P/1/3020.jpg"")",3020,Plate 2 x 4,White,70,0.0897,6.279
99,"=IMAGE(""HTTP://img.bricklink.com/P/156/3020.jpg"")",3020,Plate 2 x 4,Medium Azure,191,0.0516,9.8556
100,"=IMAGE(""HTTP://img.bricklink.com/P/59/3020.jpg"")",3020,Plate 2 x 4,Dark Red,50,0.0739,3.695
101,"=IMAGE(""HTTP://img.bricklink.com/P/7/3020.jpg"")",3020,Plate 2 x 4,Blue,44,0.0531,2.3364000000000003
102,"=IMAGE(""HTTP://img.bricklink.com/P/105/3020.jpg"")",3020,Plate 2 x 4,Bright Light Blue,345,0.0672,23.183999999999997
103,"=IMAGE(""HTTP://img.bricklink.com/P/88/3020.jpg"")",3020,Plate 2 x 4,Reddish Brown,477,0.0477,22.7529
104,"=IMAGE(""HTTP://img.bricklink.com/P/2/3020.jpg"")",3020,Plate 2 x 4,Tan,211,0.0594,12.5334
105,"=IMAGE(""HTTP://img.bricklink.com/P/11/3002.jpg"")",3002,Brick 2 x 3,Black,190,0.1183,22.477
106,"=IMAGE(""HTTP://img.bricklink.com/P/5/3002.jpg"")",3002,Brick 2 x 3,Red,383,0.0686,26.273799999999998
107,"=IMAGE(""HTTP://img.bricklink.com/P/7/3002.jpg"")",3002,Brick 2 x 3,Blue,277,0.0602,16.6754
108,"=IMAGE(""HTTP://img.bricklink.com/P/1/3002.jpg"")",3002,Brick 2 x 3,White,361,0.1007,36.3527
109,"=IMAGE(""HTTP://img.bricklink.com/P/6/3002.jpg"")",3002,Brick 2 x 3,Green,146,0.0653,9.5338
110,"=IMAGE(""HTTP://img.bricklink.com/P/3/3002.jpg"")",3002,Brick 2 x 3,Yellow,295,0.0642,18.938999999999997
111,"=IMAGE(""HTTP://img.bricklink.com/P/2/3002.jpg"")",3002,Brick 2 x 3,Tan,47,0.0957,4.4979
112,"=IMAGE(""HTTP://img.bricklink.com/P/34/3002.jpg"")",3002,Brick 2 x 3,Lime,62,0.0517,3.2054
113,"=IMAGE(""HTTP://img.bricklink.com/P/4/3002.jpg"")",3002,Brick 2 x 3,Orange,101,0.0544,5.4944
114,"=IMAGE(""HTTP://img.bricklink.com/P/104/3002.jpg"")",3002,Brick 2 x 3,Bright Pink,55,0.0671,3.6905000000000006
115,"=IMAGE(""HTTP://img.bricklink.com/P/86/3002.jpg"")",3002,Brick 2 x 3,Light Bluish Gray,64,0.1192,7.6288
116,"=IMAGE(""HTTP://img.bricklink.com/P/42/3002.jpg"")",3002,Brick 2 x 3,Medium Blue,25,0.1549,3.8725
117,"=IMAGE(""HTTP://img.bricklink.com/P/1/2412b.jpg"")",2412b,"Tile, Modified 1 x 2 Grille with Bottom Groove / Lip",Various,460,0.1,46.0
118,"=IMAGE(""HTTP://img.bricklink.com/P/1/4865.jpg"")",4865,Panel 1 x 2 x 1,Various,100,0.1,10.0
119,"=IMAGE(""HTTP://img.bricklink.com/P/1/4162.jpg"")",4162,Tile 1 x 8,White,81,0.2180,17.658
120,"=IMAGE(""HTTP://img.bricklink.com/P/7/4162.jpg"")",4162,Tile 1 x 8,Blue,91,0.0965,8.7815
121,"=IMAGE(""HTTP://img.bricklink.com/P/5/4162.jpg"")",4162,Tile 1 x 8,Red,170,0.1070,18.19
122,"=IMAGE(""HTTP://img.bricklink.com/P/11/4162.jpg"")",4162,Tile 1 x 8,Black,92,0.1903,17.5076
123,"=IMAGE(""HTTP://img.bricklink.com/P/1/87079.jpg"")",87079,Tile 2 x 4,Various,43,0.1,4.3
124,"=IMAGE(""HTTP://img.bricklink.com/P/6/2431.jpg"")",2431,Tile 1 x 4,Green,212,0.0556,11.787199999999999
125,"=IMAGE(""HTTP://img.bricklink.com/P/88/2431.jpg"")",2431,Tile 1 x 4,Reddish Brown,437,0.0993,43.3941
126,"=IMAGE(""HTTP://img.bricklink.com/P/86/3068b.jpg"")",3068b,Tile 2 x 2 with Groove,Light Bluish Gray,147,0.0757,11.1279
127,"=IMAGE(""HTTP://img.bricklink.com/P/5/3068b.jpg"")",3068b,Tile 2 x 2 with Groove,Red,325,0.0602,19.564999999999998
128,"=IMAGE(""HTTP://img.bricklink.com/P/69/3068b.jpg"")",3068b,Tile 2 x 2 with Groove,Dark Tan,306,0.0911,27.8766
129,"=IMAGE(""HTTP://img.bricklink.com/P/104/3069b.jpg"")",3069b,Tile 1 x 2 with Groove,Bright Pink,484,0.0263,12.7292
130,"=IMAGE(""HTTP://img.bricklink.com/P/24/3069b.jpg"")",3069b,Tile 1 x 2 with Groove,Dark Purple,311,0.0962,29.9182
131,"=IMAGE(""HTTP://img.bricklink.com/P/34/3069b.jpg"")",3069b,Tile 1 x 2 with Groove,Lime,303,0.0327,9.9081
132,"=IMAGE(""HTTP://img.bricklink.com/P/1/3069b.jpg"")",3069b,Tile 1 x 2 with Groove,Various,73,0.1,7.300000000000001
133,"=IMAGE(""HTTP://img.bricklink.com/P/1/3068b.jpg"")",3068b,Tile 2 x 2 with Groove,Various,33,0.1,3.3000000000000003
134,"=IMAGE(""HTTP://img.bricklink.com/P/1/85984.jpg"")",85984,Slope 30 1 x 2 x 2/3,White,117,0.0671,7.850700000000001,Some Lavender and LBG
135,"=IMAGE(""HTTP://img.bricklink.com/P/1/3068b.jpg"")",N/A,Misc Tile/Jumper,Various,55,0.1,5.5,
136,"=IMAGE(""HTTP://img.bricklink.com/P/34/4073.jpg"")",4073,"Plate, Round 1 x 1 Straight Side",Lime,283,0.0150,4.245,
137,"=IMAGE(""HTTP://img.bricklink.com/P/89/4073.jpg"")",4073,"Plate, Round 1 x 1 Straight Side",Dark Purple,533,0.0206,10.979800000000001,
138,"=IMAGE(""HTTP://img.bricklink.com/P/3/4073.jpg"")",4073,"Plate, Round 1 x 1 Straight Side",Yellow,66,0.0238,1.5708000000000002,
139,"=IMAGE(""HTTP://img.bricklink.com/P/4/4073.jpg"")",4073,"Plate, Round 1 x 1 Straight Side",Orange,358,0.0190,6.802,
140,"=IMAGE(""HTTP://img.bricklink.com/P/104/4073.jpg"")",4073,"Plate, Round 1 x 1 Straight Side",Bright Pink,50,0.0195,0.975,
141,"=IMAGE(""HTTP://img.bricklink.com/P/11/4073.jpg"")",4073,"Plate, Round 1 x 1 Straight Side",Black,108,0.0223,2.4084,
142,"=IMAGE(""HTTP://img.bricklink.com/P/5/4073.jpg"")",4073,"Plate, Round 1 x 1 Straight Side",Red,183,0.0206,3.7698,
143,"=IMAGE(""HTTP://img.bricklink.com/P/1/4073.jpg"")",4073,"Plate, Round 1 x 1 Straight Side",Various,50,0.1,5.0,
144,"=IMAGE(""HTTP://img.bricklink.com/P/12/4073.jpg"")",4073,"Plate, Round 1 x 1 Straight Side",Trans-Clear,4241,0.0241,102.2081,
145,"=IMAGE(""HTTP://img.bricklink.com/P/14/4073.jpg"")",4073,"Plate, Round 1 x 1 Straight Side",Trans-Dark Blue,1000,0.0313,31.3,
146,"=IMAGE(""HTTP://img.bricklink.com/P/50/4073.jpg"")",4073,"Plate, Round 1 x 1 Straight Side",Trans-Dark Pink,141,0.0430,6.063,
147,"=IMAGE(""HTTP://img.bricklink.com/P/17/4073.jpg"")",4073,"Plate, Round 1 x 1 Straight Side",Trans-Red,475,0.0183,8.6925,
148,"=IMAGE(""HTTP://img.bricklink.com/P/98/4073.jpg"")",4073,"Plate, Round 1 x 1 Straight Side",Trans-Orange,83,0.0213,1.7679,
149,"=IMAGE(""HTTP://img.bricklink.com/P/19/4073.jpg"")",4073,"Plate, Round 1 x 1 Straight Side",Trans-Yellow,283,0.0184,5.2072,
150,"=IMAGE(""HTTP://img.bricklink.com/P/20/3024.jpg"")",3024,Plate 1 x 1,Trans-Green,485,0.0349,16.9265,
151,"=IMAGE(""HTTP://img.bricklink.com/P/19/3024.jpg"")",3024,Plate 1 x 1,Trans-Yellow,395,0.0242,9.559,
152,"=IMAGE(""HTTP://img.bricklink.com/P/14/3024.jpg"")",3024,Plate 1 x 1,Trans-Dark Blue,165,0.0784,12.936,
153,"=IMAGE(""HTTP://img.bricklink.com/P/17/3024.jpg"")",3024,Plate 1 x 1,Trans-Red,110,0.0238,2.6180000000000003,
154,"=IMAGE(""HTTP://img.bricklink.com/P/12/3024.jpg"")",3024,Plate 1 x 1,Trans-Clear,345,0.0372,12.834,
155,"=IMAGE(""HTTP://img.bricklink.com/P/51/4589b.jpg"")",4589b,Cone 1 x 1 with Top Groove,Trans-Purple,396,0.0386,15.2856,
156,"=IMAGE(""HTTP://img.bricklink.com/P/1/3062b.jpg"")",3062b,"Brick, Round 1 x 1 Open Stud",Various Trans,60,0.1,6.0,
157,"=IMAGE(""HTTP://img.bricklink.com/P/20/3062b.jpg"")",3062b,"Brick, Round 1 x 1 Open Stud",Trans-Green,424,0.0331,14.0344,
158,"=IMAGE(""HTTP://img.bricklink.com/P/1/2453b.jpg"")",2453b,Brick 1 x 1 x 5 - Solid Stud,White,31,0.0754,2.3373999999999997,
159,"=IMAGE(""HTTP://img.bricklink.com/P/17/4589b.jpg"")",4589b,Cone 1 x 1 with Top Groove,Trans-Red,2848,0.0227,64.6496,
160,"=IMAGE(""HTTP://img.bricklink.com/P/104/4589b.jpg"")",4589b,Cone 1 x 1 with Top Groove,Bright Pink,140,0.2165,30.31,
161,"=IMAGE(""HTTP://img.bricklink.com/P/156/3062b.jpg"")",3062b,"Brick, Round 1 x 1 Open Stud",Medium Azure,164,0.0340,5.5760000000000005,
162,"=IMAGE(""HTTP://img.bricklink.com/P/1/3062b.jpg"")",3062b,"Brick, Round 1 x 1 Open Stud",Various,53,0.1,5.300000000000001,
163,"=IMAGE(""HTTP://img.bricklink.com/P/2/3005.jpg"")",3005,Brick 1 x 1,Tan,31,0.0665,2.0615,
164,"=IMAGE(""HTTP://img.bricklink.com/P/4/3005.jpg"")",3005,Brick 1 x 1,Orange,102,0.0299,3.0498,
165,"=IMAGE(""HTTP://img.bricklink.com/P/47/3005.jpg"")",3005,Brick 1 x 1,Dark Pink,227,0.0568,12.893600000000001,
166,"=IMAGE(""HTTP://img.bricklink.com/P/154/3005.jpg"")",3005,Brick 1 x 1,Lavender,88,0.0627,5.517600000000001,
167,"=IMAGE(""HTTP://img.bricklink.com/P/88/3005.jpg"")",3005,Brick 1 x 1,Reddish Brown,65,0.0539,3.5035000000000003,
168,"=IMAGE(""HTTP://img.bricklink.com/P/104/3005.jpg"")",3005,Brick 1 x 1,Bright Pink,40,0.0625,2.5,
169,"=IMAGE(""HTTP://img.bricklink.com/P/89/3005.jpg"")",3005,Brick 1 x 1,Dark Purple,222,0.0653,14.496599999999999,
170,"=IMAGE(""HTTP://img.bricklink.com/P/156/3005.jpg"")",3005,Brick 1 x 1,Medium Azure,47,0.0663,3.1161,
171,"=IMAGE(""HTTP://img.bricklink.com/P/34/3005.jpg"")",3005,Brick 1 x 1,Lime,256,0.0260,6.656,
172,"=IMAGE(""HTTP://img.bricklink.com/P/80/3005.jpg"")",3005,Brick 1 x 1,Dark Green,338,0.0625,21.125,
173,"=IMAGE(""HTTP://img.bricklink.com/P/1/3005.jpg"")",3005,Brick 1 x 1,White,1200,0.0695,83.4,
174,"=IMAGE(""HTTP://img.bricklink.com/P/5/3005.jpg"")",3005,Brick 1 x 1,Red,1168,0.0384,44.8512,
175,"=IMAGE(""HTTP://img.bricklink.com/P/7/3005.jpg"")",3005,Brick 1 x 1,Blue,1056,0.0376,39.705600000000004,
176,"=IMAGE(""HTTP://img.bricklink.com/P/3/3005.jpg"")",3005,Brick 1 x 1,Yellow,470,0.0380,17.86,Some with printed eye patter
177,"=IMAGE(""HTTP://img.bricklink.com/P/6/3005.jpg"")",3005,Brick 1 x 1,Green,672,0.0447,30.0384,
178,"=IMAGE(""HTTP://img.bricklink.com/P/85/3005.jpg"")",3005,Brick 1 x 1,Dark Bluish Gray,259,0.0407,10.5413,Some are Dark Gray with eye pattern
179,"=IMAGE(""HTTP://img.bricklink.com/P/12/54200.jpg"")",54200,Slope 30 1 x 1 x 2/3,Trans-Clear,209,0.0282,5.8938,
180,"=IMAGE(""HTTP://img.bricklink.com/P/98/54200.jpg"")",54200,Slope 30 1 x 1 x 2/3,Trans-Orange,1361,0.0225,30.6225,
181,"=IMAGE(""HTTP://img.bricklink.com/P/17/3070b.jpg"")",3070b,Tile 1 x 1 with Groove &#40;3070&#41;,Trans-Red,337,0.0234,7.885800000000001,
182,"=IMAGE(""HTTP://img.bricklink.com/P/17/30153.jpg"")",30153,Rock 1 x 1 Jewel 24 Facet,Trans-Red,118,0.0330,3.894,
183,"=IMAGE(""HTTP://img.bricklink.com/P/86/3069bpx19.jpg"")",3069bpx19,"Tile 1 x 2 with Red 82, Yellow and White Gauges Pattern",Light Bluish Gray,142,0.0398,5.6516,
184,"=IMAGE(""HTTP://img.bricklink.com/P/1/3024.jpg"")",N/A,"Misc 1 x 1 Tile, Round, Plates",Various,100,0.1,10.0,
185,"=IMAGE(""HTTP://img.bricklink.com/P/1/2877.jpg"")",2877,"Brick, Modified 1 x 2 with Grille &#40;Flutes&#41;",White,4698,0.0601,282.3498,
186,"=IMAGE(""HTTP://img.bricklink.com/P/85/30136.jpg"")",30136,"Brick, Modified 1 x 2 Log",Dark Bluish Gray,1184,0.0461,54.5824,
187,"=IMAGE(""HTTP://img.bricklink.com/P/11/2877.jpg"")",2877,"Brick, Modified 1 x 2 with Grille &#40;Flutes&#41;",Black,705,0.0508,35.814,
188,"=IMAGE(""HTTP://img.bricklink.com/P/11/3021.jpg"")",3021,Plate 2 x 3,Black,64,0.0734,4.6976,
189,"=IMAGE(""HTTP://img.bricklink.com/P/1/3021.jpg"")",3021,Plate 2 x 3,White,137,0.1048,14.357600000000001,Dirty
190,"=IMAGE(""HTTP://img.bricklink.com/P/86/3021.jpg"")",3021,Plate 2 x 3,Light Bluish Gray,215,0.0903,19.4145,
191,"=IMAGE(""HTTP://img.bricklink.com/P/85/3021.jpg"")",3021,Plate 2 x 3,Dark Bluish Gray,161,0.0542,8.7262,
192,"=IMAGE(""HTTP://img.bricklink.com/P/89/3021.jpg"")",3021,Plate 2 x 3,Dark Purple,167,0.0485,8.0995,
193,"=IMAGE(""HTTP://img.bricklink.com/P/7/3021.jpg"")",3021,Plate 2 x 3,Blue,113,0.0491,5.548299999999999,
194,"=IMAGE(""HTTP://img.bricklink.com/P/5/3021.jpg"")",3021,Plate 2 x 3,Red,68,0.0724,4.9232000000000005,
195,"=IMAGE(""HTTP://img.bricklink.com/P/3/3021.jpg"")",3021,Plate 2 x 3,Yellow,68,0.1014,6.8952,
196,"=IMAGE(""HTTP://img.bricklink.com/P/4/3021.jpg"")",3021,Plate 2 x 3,Orange,46,0.0464,2.1344,
197,"=IMAGE(""HTTP://img.bricklink.com/P/88/3021.jpg"")",3021,Plate 2 x 3,Reddish Brown,49,0.0478,2.3422,
198,"=IMAGE(""HTTP://img.bricklink.com/P/1/3021.jpg"")",3021,Plate 2 x 3,Various,24,0.1,2.4000000000000004,
199,"=IMAGE(""HTTP://img.bricklink.com/P/34/3941.jpg"")",3941,"Brick, Round 2 x 2 with Axle Hole",Lime,176,0.0562,9.8912,
200,"=IMAGE(""HTTP://img.bricklink.com/P/88/3941.jpg"")",3941,"Brick, Round 2 x 2 with Axle Hole",Reddish Brown,407,0.0678,27.5946,
201,"=IMAGE(""HTTP://img.bricklink.com/P/5/3941.jpg"")",3941,"Brick, Round 2 x 2 with Axle Hole",Red,43,0.0487,2.0941,
202,"=IMAGE(""HTTP://img.bricklink.com/P/89/3941.jpg"")",3941,"Brick, Round 2 x 2 with Axle Hole",Dark Purple,18,0.0406,0.7307999999999999,
203,"=IMAGE(""HTTP://img.bricklink.com/P/16/3941.jpg"")",3941,"Brick, Round 2 x 2 with Axle Hole",Trans-Neon Green,23,0.0518,1.1914,
204,"=IMAGE(""HTTP://img.bricklink.com/P/1/3941.jpg"")",3941,"Brick, Round 2 x 2 with Axle Hole",Various,35,0.1,3.5,
205,"=IMAGE(""HTTP://img.bricklink.com/P/85/4032.jpg"")",4032,"Plate, Round 2 x 2 with Axle Hole",Dark Bluish Gray,70,0.0306,2.142,
206,"=IMAGE(""HTTP://img.bricklink.com/P/5/3710.jpg"")",3710,Plate 1 x 4,Red,294,0.0619,18.1986,
207,"=IMAGE(""HTTP://img.bricklink.com/P/7/3710.jpg"")",3710,Plate 1 x 4,Blue,376,0.0482,18.1232,
208,"=IMAGE(""HTTP://img.bricklink.com/P/34/3710.jpg"")",3710,Plate 1 x 4,Lime,245,0.0404,9.898,
209,"=IMAGE(""HTTP://img.bricklink.com/P/85/3710.jpg"")",3710,Plate 1 x 4,Dark Bluish Gray,30,0.0679,2.037,
210,"=IMAGE(""HTTP://img.bricklink.com/P/1/3710.jpg"")",3710,Plate 1 x 4,White,51,0.0655,3.3405,
211,"=IMAGE(""HTTP://img.bricklink.com/P/1/3710.jpg"")",3710,Plate 1 x 4,Various,40,0.1,4.0,"Black, Tan, Reddish Brown, Green"
212,"=IMAGE(""HTTP://img.bricklink.com/P/71/3010.jpg"")",3010,Brick 1 x 4,Magenta,58,0.0688,3.9904,
213,"=IMAGE(""HTTP://img.bricklink.com/P/1/3010.jpg"")",3010,Brick 1 x 4,White,342,0.1316,45.0072,
214,"=IMAGE(""HTTP://img.bricklink.com/P/88/3010.jpg"")",3010,Brick 1 x 4,Reddish Brown,560,0.0864,48.384,
215,"=IMAGE(""HTTP://img.bricklink.com/P/6/3010.jpg"")",3010,Brick 1 x 4,Green,298,0.0761,22.6778,
216,"=IMAGE(""HTTP://img.bricklink.com/P/86/3010.jpg"")",3010,Brick 1 x 4,Light Bluish Gray,439,0.1227,53.865300000000005,
217,"=IMAGE(""HTTP://img.bricklink.com/P/104/3010.jpg"")",3010,Brick 1 x 4,Bright Pink,517,0.0634,32.7778,
218,"=IMAGE(""HTTP://img.bricklink.com/P/4/3010.jpg"")",3010,Brick 1 x 4,Orange,180,0.0640,11.52,
219,"=IMAGE(""HTTP://img.bricklink.com/P/3/3010.jpg"")",3010,Brick 1 x 4,Yellow,362,0.0686,24.833199999999998,Some have smile prints
220,"=IMAGE(""HTTP://img.bricklink.com/P/7/3010.jpg"")",3010,Brick 1 x 4,Blue,262,0.0723,18.942600000000002,
221,"=IMAGE(""HTTP://img.bricklink.com/P/47/3010.jpg"")",3010,Brick 1 x 4,Dark Pink,150,0.0536,8.040000000000001,
222,"=IMAGE(""HTTP://img.bricklink.com/P/5/3010.jpg"")",3010,Brick 1 x 4,Red,351,0.0790,27.729,
223,"=IMAGE(""HTTP://img.bricklink.com/P/11/3010.jpg"")",3010,Brick 1 x 4,Black,270,0.1167,31.509,
224,"=IMAGE(""HTTP://img.bricklink.com/P/93/3010.jpg"")",3010,Brick 1 x 4,Light Purple,54,0.3900,21.060000000000002,
225,"=IMAGE(""HTTP://img.bricklink.com/P/1/3010.jpg"")",3010,Brick 1 x 4,Various,72,0.1,7.2,"Tan, Lime, Medium Blue, Dark Blue"
226,"=IMAGE(""HTTP://img.bricklink.com/P/85/3958.jpg"")",3958,Plate 6 x 6,Dark Bluish Gray,98,0.1859,18.2182,
227,"=IMAGE(""HTTP://img.bricklink.com/P/1/3032.jpg"")",3032,Plate 4 x 6,White,103,0.2216,22.8248,
228,"=IMAGE(""HTTP://img.bricklink.com/P/2/3032.jpg"")",3032,Plate 4 x 6,Tan,93,0.1449,13.4757,
229,"=IMAGE(""HTTP://img.bricklink.com/P/5/3032.jpg"")",3032,Plate 4 x 6,Red,95,0.1728,16.416,
230,"=IMAGE(""HTTP://img.bricklink.com/P/3/3032.jpg"")",3032,Plate 4 x 6,Yellow,184,0.2069,38.0696,
231,"=IMAGE(""HTTP://img.bricklink.com/P/7/3032.jpg"")",3032,Plate 4 x 6,Blue,82,0.1563,12.8166,
232,"=IMAGE(""HTTP://img.bricklink.com/P/6/3811.jpg"")",3811,Baseplate 32 x 32,Green,3,8.4960,25.488,
233,"=IMAGE(""HTTP://img.bricklink.com/P/7/3811.jpg"")",3811,Baseplate 32 x 32,Blue,3,7.4412,22.3236,
234,"=IMAGE(""HTTP://img.bricklink.com/P/6/700.jpg"")",700,Brick 10 x 20 - &#40;Undetermined Underside Type&#41;,Green,15,0.0000,0.0,
235,"=IMAGE(""HTTP://img.bricklink.com/P/36/3857.jpg"")",3857,Baseplate 16 x 32,Bright Green,4,7.8054,31.2216,
236,"=IMAGE(""HTTP://img.bricklink.com/P/7/700.jpg"")",700,Brick 10 x 20 - &#40;Undetermined Underside Type&#41;,Blue,3,0.0000,0.0,
237,"=IMAGE(""HTTP://img.bricklink.com/P/36/92438.jpg"")",92438,Plate 8 x 16,Bright Green,5,0.9671,4.8355,
238,"=IMAGE(""HTTP://img.bricklink.com/P/36/91405.jpg"")",91405,Plate 16 x 16,Bright Green,5,2.1891,10.9455,
239,"=IMAGE(""HTTP://img.bricklink.com/P/36/3028.jpg"")",3028,Plate 6 x 12,Bright Green,59,0.3028,17.8652,
240,"=IMAGE(""HTTP://img.bricklink.com/P/11/3030.jpg"")",3030,Plate 4 x 10,Black,87,0.3572,31.076400000000003,
241,"=IMAGE(""HTTP://img.bricklink.com/P/6/3029.jpg"")",3029,Plate 4 x 12,Green,11,0.3079,3.3869000000000002,
242,"=IMAGE(""HTTP://img.bricklink.com/P/1/3036.jpg"")",3036,Plate 6 x 8,White,39,1.0434,40.692600000000006,
243,"=IMAGE(""HTTP://img.bricklink.com/P/6/3036.jpg"")",3036,Plate 6 x 8,Green,12,0.3751,4.5012,
244,"=IMAGE(""HTTP://img.bricklink.com/P/6/3035.jpg"")",3035,Plate 4 x 8,Green,14,0.2154,3.0156,
245,"=IMAGE(""HTTP://img.bricklink.com/P/7/3035.jpg"")",3035,Plate 4 x 8,Blue,10,0.1999,1.9989999999999999,
246,"=IMAGE(""HTTP://img.bricklink.com/P/47/6179.jpg"")",6179,"Tile, Modified 4 x 4 with Studs on Edge",Dark Pink,14,0.0914,1.2795999999999998,
247,"=IMAGE(""HTTP://img.bricklink.com/P/86/3031.jpg"")",3031,Plate 4 x 4,Light Bluish Gray,100,0.0999,9.99,
248,"=IMAGE(""HTTP://img.bricklink.com/P/11/3031.jpg"")",3031,Plate 4 x 4,Black,89,0.1018,9.0602,
249,"=IMAGE(""HTTP://img.bricklink.com/P/5/3031.jpg"")",3031,Plate 4 x 4,Red,93,0.0987,9.1791,
250,"=IMAGE(""HTTP://img.bricklink.com/P/6/3031.jpg"")",3031,Plate 4 x 4,Green,71,0.0996,7.0715999999,
251,"=IMAGE(""HTTP://img.bricklink.com/P/3/3031.jpg"")",3031,Plate 4 x 4,Yellow,94,0.1081,10.1614,
252,"=IMAGE(""HTTP://img.bricklink.com/P/2/3031.jpg"")",3031,Plate 4 x 4,Tan,127,0.1027,13.0429,
253,"=IMAGE(""HTTP://img.bricklink.com/P/85/3031.jpg"")",3031,Plate 4 x 4,Dark Bluish Gray,53,0.0736,3.9008,
254,"=IMAGE(""HTTP://img.bricklink.com/P/88/3031.jpg"")",3031,Plate 4 x 4,Reddish Brown,124,0.0893,11.0732,
255,"=IMAGE(""HTTP://img.bricklink.com/P/1/3031.jpg"")",N/A,Various Medium-sized Plates,Various,17,0.1,1.7000000000000002,"White 6x10 plates, blue 6x16 plates, green 8x8 and 4x12 bricks, 1 green 8x16 baseplate"
256,"=IMAGE(""HTTP://img.bricklink.com/P/1/3031.jpg"")",N/A,Various small plates,Various,47,0.1,4.7,"white/lime 4x4, reddish-brown/green/black/tan 4x6, DBG/black/red 4x8, blue 4x10, lime/blue/bright-green 6x6, LBG 6x8, red 6x10, yellow wedges"
257,"=IMAGE(""HTTP://img.bricklink.com/P/85/30157.jpg"")",30157,"Plate, Modified 2 x 4 with Pins",Dark Bluish Gray,338,0.0332,11.2216,
258,"=IMAGE(""HTTP://img.bricklink.com/P/86/6157.jpg"")",6157,"Plate, Modified 2 x 2 with Wheels Holder Wide and Hole",Light Bluish Gray,102,0.0299,3.0498,
259,"=IMAGE(""HTTP://img.bricklink.com/P/85/6232.jpg"")",6232,"Brick, Modified 2 x 2 with Pin and Axle Hole",Dark Bluish Gray,63,0.0319,2.0097,
260,"=IMAGE(""HTTP://img.bricklink.com/P/86/4600.jpg"")",4600,"Plate, Modified 2 x 2 with Wheels Holder",Light Bluish Gray,21,0.0315,0.6615,
261,"=IMAGE(""HTTP://img.bricklink.com/P/11/2441.jpg"")",2441,"Vehicle, Base 4 x 7 x 2/3",Black,15,0.1593,2.3895,
262,"=IMAGE(""HTTP://img.bricklink.com/P/11/2926.jpg"")",2926,"Plate, Modified 1 x 4 with Wheels Holder",Black,44,0.0456,2.0064,
263,"=IMAGE(""HTTP://img.bricklink.com/P/11/41769.jpg"")",41769,"Wedge, Plate 4 x 2 Right",Black,313,0.0474,14.8362,contains both right and left variants (41769+41770)
264,"=IMAGE(""HTTP://img.bricklink.com/P/11/2540.jpg"")",2540,"Plate, Modified 1 x 2 with Handle on Side - Free Ends",Black,201,0.0289,5.8088999999999995,also contains a few 48336 of various colors
265,"=IMAGE(""HTTP://img.bricklink.com/P/86/44301a.jpg"")",44301a,Hinge Plate 1 x 2 Locking with 1 Finger On End with Bottom Groove,Light Bluish Gray,512,0.1040,53.248,44301a/44302a/44300 inside
266,"=IMAGE(""HTTP://img.bricklink.com/P/5/52501.jpg"")",52501,"Slope, Inverted 45 6 x 1 Double with 1 x 4 Cutout",Red,29,0.0458,1.3282,
267,"=IMAGE(""HTTP://img.bricklink.com/P/155/45677.jpg"")",45677,Wedge 4 x 4 x 2/3 Triple Curved,Olive Green,22,0.0813,1.7886,
268,"=IMAGE(""HTTP://img.bricklink.com/P/1/4856b.jpg"")",4856b,Wedge 6 x 4 Triple Inverted with Connections between Studs,White,9,0.1169,1.0521,
269,"=IMAGE(""HTTP://img.bricklink.com/P/1/30360.jpg"")",30360,Cylinder 3 x 6 x 2 2/3 Horizontal,White,13,0.7926,10.303799999999999,
270,"=IMAGE(""HTTP://img.bricklink.com/P/1/43713.jpg"")",43713,Wedge 6 x 4 Triple Inverted Curved,White,17,0.0650,1.105,
271,"=IMAGE(""HTTP://img.bricklink.com/P/1/43712.jpg"")",43712,Wedge 6 x 4 Triple Curved,White,23,0.1432,3.2935999999999996,
272,"=IMAGE(""HTTP://img.bricklink.com/P/1/2413.jpg"")",2413,"Wedge, Plate 4 x 9 without Stud Notches",White,26,1.1946,31.059600000000003,
273,"=IMAGE(""HTTP://img.bricklink.com/P/1/3039pb041.jpg"")",3039pb041,Slope 45 2 x 2 with Radar and Disk Slot Pattern,White,25,0.1095,2.7375,
274,"=IMAGE(""HTTP://img.bricklink.com/P/86/6020.jpg"")",6020,Bar 7 x 3 with Double Clips (Ladder),Light Bluish Gray,18,0.1072,1.9296,
275,"=IMAGE(""HTTP://img.bricklink.com/P/85/50745.jpg"")",50745,"Vehicle, Mudguard 4 x 2 1/2 x 1 2/3 with Arch Round",Dark Bluish Gray,20,0.0565,1.1300000000000001,
276,"=IMAGE(""HTTP://img.bricklink.com/P/5/3831.jpg"")",3831,Hinge Brick 1 x 4 Swivel Base,Red,132,0.0892,11.7744,Assembly of 3831/3830
277,"=IMAGE(""HTTP://img.bricklink.com/P/1/6191.jpg"")",6191,"Brick, Modified 1 x 4 x 1 1/3 No Studs, Curved Top",Various,23,0.1,2.3000000000000003,Light Purple/Medium Azure
278,"=IMAGE(""HTTP://img.bricklink.com/P/1/61678.jpg"")",61678,"Slope, Curved 4 x 1 No Studs",Various,45,0.1,4.5,Orange/Yellow/various
279,"=IMAGE(""HTTP://img.bricklink.com/P/86/2479.jpg"")",2479,Propeller 4 Blade 5 Diameter with Rounded Ends,Light Bluish Gray,28,0.2043,5.720400000000001,and black
280,"=IMAGE(""HTTP://img.bricklink.com/P/1/6091.jpg"")",6091,"Brick, Modified 1 x 2 x 1 1/3 with Curved Top",Various,43,0.1,4.3,White/Medium Lavender/Dark Red/Lime/LBG
281,"=IMAGE(""HTTP://img.bricklink.com/P/11/2432.jpg"")",2432,"Tile, Modified 1 x 2 with Handle",Black,79,0.0292,2.3068,
282,"=IMAGE(""HTTP://img.bricklink.com/P/1/44728.jpg"")",44728,Bracket 1 x 2 - 2 x 2,White,142,0.0537,7.6254,
283,"=IMAGE(""HTTP://img.bricklink.com/P/1/4740.jpg"")",4740,Dish 2 x 2 Inverted (Radar),Various,49,0.1,4.9,TransneonYellow/Silver/DBG/LBG/TransNeonOrange
284,"=IMAGE(""HTTP://img.bricklink.com/P/11/43898.jpg"")",43898,Dish 3 x 3 Inverted (Radar),Black,26,0.1616,4.2016,with White/LBG
285,"=IMAGE(""HTTP://img.bricklink.com/P/155/60474.jpg"")",60474,"Plate, Round 4 x 4 with Hole",Olive Green,61,0.1686,10.2846,
286,"=IMAGE(""HTTP://img.bricklink.com/P/85/30294c01.jpg"")",30294c01,Rock Boulder &#40;Top and Bottom&#41;,Dark Bluish Gray,17,0.4722,8.0274,
287,"=IMAGE(""https://lh3.googleusercontent.com/ccLMBHFoxWeWvaozGsuvFXp6vBVwnBwZZ5e_9hcT6jOUXHq56BocrWrWLTzhRgP6qHRlg2k-UgY_qUgxUUUsjXJ3fEA0lmIzAh8Yi9Fs5X8DODk-_BXTRoGFBYoZkAuxutmnyRfPd7u3XaP93Di4EYaQ2ErHMsVw4_aLO0YBb1nfnu2mGdHkKRFq0xsRKQrLyxW9jR_lT8Hd12qIUJ4C_83_C1YjdcRmb8jN4BsarW-L0MTo0o6B56pOOVgjU3MvSHEAsafIv53sryYXjusHeTulKZc5zgb8N-XvlqfZjL5A3SPljOVl96eZuP3T2Vabk9QoDd9GxCczNHkQgJM_Lu-UlcsyBnWTP_nyg-hyE17I41rNwEWrQsQvIEH4-fJn24INLl3HZVsaIL_2lc8wzMwVITLkmseqBzpnXT2h4DP_wzvEOyH3r4Zir0aQPoD3-TekKApNbVMe4ij0sAl5qH3UL2LQNwJuls-HAiw9CrNGQwa-zjtop1R0jINxxLa4nEQWp4mKEfI2j8MoF2RiNPfnNilGLl3rOxLxiv5HsZY5q4AU4B7bqG3pFjpRXvp2IxRrISYe2-jwWd4ZBZKjbX0eSzzJevHM1ydDdLyU4YSFGZ7pl8JXnVhwz1w_oalzq6SN2RwaH7xfN50Fh8AmaT7g1k7fgxBS=w1278-h959-no"")",N/A,Various Circular,Various,25,0.1,2.5,
288,"=IMAGE(""https://lh3.googleusercontent.com/ddL-oAAy1X7PU1z_1OIMcXCvxzH2RopNHPizcRctz7-8m6FWw9yWrkRAt8DpcZISgmRm5Ve3LsJUgZWmBRFQRvrkx4cwgUdarr8BE9MCJSjnxfiqOCEH9Mp9x1NsGRcPgasDxnJaX3vN0pJOLKwwRty5_GJMoEwu1pc3N61Rr0z2pwbhQulEKT5U2CJfKcVpDoGE5ekWkSZFWIW-BOFR-P3RrT7wnlXlZEism3RNS8A_pfT2ByuQbJ0AZGAVl7aAKrl4z4XqM4I1YU1IlnUSWN0AusG9GeR9t9tZaQO1DS0OPWMziDvbb6Npr5bs1mmu17k1IcUyAhIV_tzDzT-0-tIweu-AhqaFwbMpZRIQWwFBYqChU2D00UCznKXQCW7uIYOpNriJVFB2YdP5ZWwNrIvTCa-nio-mgUPPGKHYxh_rzqMmIV1X2PRnAUJxE_aG8S3y-Thm7OCVt7SQfbqPLTJAyjnDZWPvKXAyOwFaJ_aBlHnI-qaDpGWgDmnJ_Y4lu7s4UPuMdy2x4LTqtE7_BerpYYffV_3-52gL2LATJWb7GDVKltujP0WYXHBfYd7R7SfE6YIl42cKsTYOZrLrC77RQU9ejnWqM2st7PzzSHztlZ6iT4tUzh2foBKnnsUkUQfcOpjGhjOoa_nGgCHGXv901Dj91YyU=w1278-h959-no"")",N/A,Various Vehicle Parts,Various,25,0.1,2.5,
289,"=IMAGE(""https://lh3.googleusercontent.com/-IKc9EapfiZRXexel3QwCYd77PyyLjS_6Ol3oG2TIMjucQ5gfJ30VVA9ty9OFdfY1RHVY2HhKH2SHM_3geZjc8gUvky1azexNQsELrEhegTG9sUMZEh8k-ftHsVoPiXpT_L2dA7uh-rs-pB2Au6IrRpWwvbPIh5Ipc63kQx8R3cH4HjF1zmZxu4gHq-psdRLLUJPQtYwulMeX-UMl2GPVViKTmkpCW1otNexkW4kYswUAIPzhJAor0AmrF7ALIEzHvbi00P2wV4wDQbXoQucpgFwqfbE9SBM5UCvbXzyQ0uI9fyDIX2zxMwZ76epbsTkgY0xL85b8gF5d3dt3A1iMxTw9oorXsvsJAEFE98n4ef3XYglds3vYG-AA4DZQxHta2sRMQiB1kpFV07ISqk1PiNkg7Xuxz3ult5Fdn5TNpOCBpbA24K5FyProvj76AE2k-VLmsV58qqzJOcxXxzZLROaFFlX8KPrjGcdW3tulKygb4ornfInzp_R5ntvWc1xwe_9EU51eEDBdgH7_0Q6imj6hDDy4aPIDvhTGp7pOdVmZW7rSg6Ngg4HIXEuv9_9nXVoZrJR0vk_n_sNkfacvhnqBYqSFTFd9Qc18VeHRgBFtDyClXaNmvYsVGNufsskNIr2n_JhDK_hSMeqUbA_DDMMOggY-ywp=w1278-h959-no"")",N/A,Various Technique Grab-bag,Various,60,0.1,6.0,
290,"=IMAGE(""https://lh3.googleusercontent.com/80xpPCLj6NARRblM_ID4ySG-BKRPaW9dMalCOAMUzpheT_xOBR7BEDHvDnB6IjJExPXWxlIpbwv0y-tftD6pi_S8raPRoLt3Lcyc2etmML_F6ZLAMBQEzJG2WNHkjE7x-fg6iy8skd_ccBsAB4PYEn6nGPmBkIL0tp2ek3EdfkNbJv_0dsPnPSSjgXJ94nsE9-mPZ8KsSloeO0__uOmTbZKOFMzzvM0qQjPyFi5IJWamUzdWjYW2EGitmGwyqqBq2ERncdg1hJ4JGGhdL0-hWyIDeZow9A54jm9vxd3SinERXa8ZSC4cPUd4buy3gZ9e4Jt3j21NQ_-tbkqEzs5S6yzq49tDgR9s5QrDI-0ym0pKoqMGo6zFiMSzHwqJTLSQ9m1yvA60IWo1AlKbj4D2dJ4kH7OF0JF79QXGhuOd5Mkr5lllEUdmQvUH6BoR8ZE22o7yjtV_AigbsB0DdDfft1tajU8OBniMljEmvz7Ish06_xBP-qg9k7Bll7DP-Iooa2-RHxscOz7dx2QHXZy18TtnLIXzKRmwAx1iCCrgN_zzxDdefjrHzr8to-ARB6G5by6mtybbsQxNxDBvMY-9enrzeegcQPEvdK4zEevRbTN-AJUHbTRv1qnDrJVd53VcPxt3CJ-Cu2nbWnUtRaLE2eqxIDUtD4cH=w1278-h959-no"")",N/A,Various modified plates with bars/clips,Various,60,0.1,6.0,
291,"=IMAGE(""https://lh3.googleusercontent.com/-p5uEFW_KPyRdEnHAySXs5dcZBmmcPB_Qh4rAz5njHrZx_yVnR4KHIw9794aRK6wJgr1LnRrsjispjCMtdpK_eSi9ZYwFe8gLkZoPRGkiiNAp3M5mxYv3MjWA25QlTDahWbgRLGbl6BOqTKAKRvFJOpD1TLA5nZLlYtOs53WhsKtzCFx_muAqu0Zre87QLToULtbxB5ke2rEiv4Vd4z-zE3mdXLvjF7hP0jWAxNBOFyWvNPEoRGZCJxCXhV6qRXNhizU2ckGrBUwPQU_1MZ2Q8g2-LcxRFJJxXO8ETL7YBnJ94zHVeiUdGFlPwd49AvwIY3BvTifrAPou6jQhFzVk6IjCaMxk_TMj-krEJeEjKI3x3NxclPvAfdPX73iRTPQSSaq7_m7YkGKSjM-OtvVTOKFWkF_Y0Cs_aINoGSlrJQOsExh4jWgvuRX-_Rsb6CoNRAvIiOn--cVlXY5uEsC4d0HnLmOCcSDqojITZU7JPcYEucs92H8RTFc2z7yFSY3uN8AfFoJ14Szxqo2aZI2fg0FT75SPstu08WixCegh7aZi35WeaNurVbeBlNij7wjKXq1s9RPfuycy3DoXlowjbRvDdiPh7lPkLE983JS4jLqOar7IiG2tijuOxm-NtRiKwTmvR7zDrUINUXkwg0pzBgrFZ-VeCuY=w1278-h959-no"")",N/A,Various SNOT,Various,60,0.1,6.0,
292,"=IMAGE(""https://lh3.googleusercontent.com/pODrfcrPlxHzfJ9nNv6MxdENzVenF2nUUgbYkT-mOQ83hj8BTyEcjx21DCvE0CEn2QLbbzi-lDpxMbrPcThIkbb47-j7hEIaioHfkBL9vy8UiyYw6ubp1kpr4shIMpWHVbGzNxXS0OShFPbYLI94YF2tHvkvKfHQXGpQMq6rRfdczVgVcHL-Od-IdZHpclBJ_W9pIIJmjz3bQq8EPpnT_IRTTL43wq_-PNRSRhhaDrirMWbM8OFTd88V78XvRqEKnZXaJ-cAyHK9P-4XQNapHSrjdGzUOFy7vOIUG14Iz6IYNMvnUmNn_u9o_DrqW_TNucpAP4Utl02vSty6dhhr6VhLum3Rz8AEqu_rLXTgWsxVXR0gy_OXBZw9QIBCXsUKHewarqEj0nebnyMu3IuM135J2PRrgPcw39X56nrIZpHOUOmGCPiiycGyNqCXcwWlktlATprtlfvXbvoWKR4p9j2xxibeHuebYGjmCXFNzwaCXFO7dL4dSoirand-BuaUDeMCTSoyIiqmmGzOlvUmCVZ4AqJHX3AEEYmvUbHX3gvjbmjcqgq-YdZe1LnN00WUpkHOJFh9liwKtGbq5KwUhDsMcRpfTGCdMb34eojDR9OedWYNTpKD7ECw9aXSxeNkDpC5YyiAnm-8bHwepj7ZVLaAByGfiUqx=w1278-h959-no"")",N/A,"Various Grabbag, panel, turntable, clip, what?",Various,60,0.1,6.0,
293,"=IMAGE(""https://lh3.googleusercontent.com/-0aVo55GlCekCpO2I6oKHIj0W4nhQpKq_4R1TjVS4xAIlRj-vxW5_3Ggm00HZMVE-O2rUy_FTYLhcC5DPgwCeljQRTpJvFcVtQ6SbNfqY8kGkmWDMByOkIv0-6ONbtIa55rWDQ9trFOqHZNxUj08njYMUrLE0_nXiyDfF_zO5Nkc40if-_mIbNPAkrerf9A0VtA5X2f_rnDjsggaa2p9Cem4SgthLVyBFaHrRXg9R3CptEThnl2B_7GBKTV7GxqsSycRFJfRCHXppz6wpM81mi2xHhX4JY27Ak56tjhJhGerXiEniNIfB7Q5SFXAvJvrI4n-qhfZNXq3RU_fkGsAf-8FlcOUTK-II8KmrX6JZAtaa6musXShSdzZde9WgP9tFHv5Mir4PhhqkH36DlWR9lVfrPhaV6eVaEUlARmkckg2EKOHVrIEV3gcVzDtbok0EdGrndpihQ-xDr39FDVczRk9jcEAMH2a23arP-tgnCTGmIMw_UrPi-3PbsPswdIDGKffe2H7qTeBm-RMQ4WiMMpJm1UL87XtegosHnyLJ-2GGB2HSfyBIwx98plGMCAylV6CuH068fWgSc7Rr12Bjm0_-wXdTaHRKTNtMlsvbLQJI-lAYboUyPw2iMyoT8kLTPGm8IJ-F8U0xVesHt7KP_FtREdFcWXc=w1278-h959-no"")",N/A,"Various curved, cylinder 1x1, modified plate 1x1, dish",Various,60,0.1,6.0,
294,"=IMAGE(""https://lh3.googleusercontent.com/Bs7_RN8vHK0rnBNUXmz6-AJjwxaCfZ9lIBZR2ynM2Ao_lPqTZ2jftRoiB4NZwc6YkxhtIT7-hubuVDVppJctkQzIZW_GUB-XNcMFj_66e2-e6ouAdYLfgpA858a2TjHaPSzPf03OndZ5UpEAl6MXTKitKN2-iiSCNWLMLu6paZ0tnE32ywnc8fH55svAELxHOqmr3o6-FvxDygAHEUCoPnecIPTHqvHTrEtafB8MJhsMK6PjXUPHEZU208TGy0JGxpBP9--DKC5J05UBbZxPyiU9D0-whDVsgODh_UakWFqabGNRoIwlg_HTHp3YrQBkh0gJwDvgjrOUW4L7uC-qN_2CN_tRIIW5sm6XtBKnQhRBiSCR3S7ffJ3anEb9N8DLReWoSPJ8Ut0K0ftjoI1KkkQHOhc1JWQPlhW4K54OjDwrJgTkTQSurzNaMHt8de2M3uG1_V56xHn3oh3Af0lq9C1OX7Zwk3m-GSx0Tkjs3SYHsI1BArhJ0pUXILG6Sk8lx9xk9Ah_P72s2Yo1zTXoQ56CFRYwL2rSiJJpZVPksyDeg4sgOxpdyaXeGx_myd5Lgzzd799eTdATVNekk_g3_SsXkgxC2jbU8Zs5gY7y_YgJrh-4Vy-CpL90Ho91dKOc3HZ3CDfUwT7nXCXH2UN4JgOqtRiVrw1z=w993-h1324-no"")",N/A,"Various Cones, Curved Panels",Various,60,0.1,6.0,
295,"=IMAGE(""HTTP://img.bricklink.com/P/63/4445.jpg"")",4445,Slope 45 2 x 8,Dark Blue,82,0.3204,26.2728,
296,"=IMAGE(""HTTP://img.bricklink.com/P/5/4445.jpg"")",4445,Slope 45 2 x 8,Red,49,0.3021,14.8029,
297,"=IMAGE(""HTTP://img.bricklink.com/P/85/4445.jpg"")",4445,Slope 45 2 x 8,Dark Bluish Gray,8,1.6716,13.3728,
298,"=IMAGE(""HTTP://img.bricklink.com/P/59/4445.jpg"")",4445,Slope 45 2 x 8,Dark Red,69,0.1648,11.3712,
299,"=IMAGE(""HTTP://img.bricklink.com/P/7/3684a.jpg"")",3684a,Slope 75 2 x 2 x 3 - Hollow Studs,Blue,44,0.7928,34.883199999999995,"Various 2 or 3 high blue slopes, including normal, corner, 1x2, 2x2, and pyramid"
301,"=IMAGE(""HTTP://img.bricklink.com/P/63/3037.jpg"")",3037,Slope 45 2 x 4,Dark Blue,181,0.1119,20.2539,
302,"=IMAGE(""HTTP://img.bricklink.com/P/6/3297.jpg"")",3297,Slope 33 3 x 4,Green,36,0.2912,10.4832,
303,"=IMAGE(""HTTP://img.bricklink.com/P/5/3297.jpg"")",3297,Slope 33 3 x 4,Red,94,0.1923,18.0762,
304,"=IMAGE(""HTTP://img.bricklink.com/P/7/3037.jpg"")",3037,Slope 45 2 x 4,Blue,170,0.0885,15.045,
305,"=IMAGE(""HTTP://img.bricklink.com/P/11/3037.jpg"")",3037,Slope 45 2 x 4,Black,365,0.1912,69.788,With some 1x2 and 2x2 slopes
306,"=IMAGE(""HTTP://img.bricklink.com/P/71/3037.jpg"")",3037,Slope 45 2 x 4,Magenta,221,0.0422,9.3262,
307,"=IMAGE(""HTTP://img.bricklink.com/P/86/3037.jpg"")",3037,Slope 45 2 x 4,Light Bluish Gray,52,0.1213,6.3076,
308,"=IMAGE(""HTTP://img.bricklink.com/P/85/3037.jpg"")",3037,Slope 45 2 x 4,Dark Bluish Gray,82,0.1407,11.5374,
309,"=IMAGE(""HTTP://img.bricklink.com/P/59/3037.jpg"")",3037,Slope 45 2 x 4,Dark Red,61,0.1415,8.631499999999999,
310,"=IMAGE(""HTTP://img.bricklink.com/P/5/3037.jpg"")",3037,Slope 45 2 x 4,Red,137,0.0925,12.6725,
311,"=IMAGE(""HTTP://img.bricklink.com/P/5/3299.jpg"")",3299,Slope 33 2 x 4 Double,Red,59,0.1366,8.0594,Also includes some 3041
312,"=IMAGE(""HTTP://img.bricklink.com/P/63/3041.jpg"")",3041,Slope 45 2 x 4 Double,Dark Blue,46,0.4494,20.6724,
313,"=IMAGE(""HTTP://img.bricklink.com/P/6/3299.jpg"")",3299,Slope 33 2 x 4 Double,Green,8,1.3120,10.496,
314,"=IMAGE(""HTTP://img.bricklink.com/P/5/3045.jpg"")",3045,Slope 45 2 x 2 Double Convex,Red,65,0.1071,6.9615,
315,"=IMAGE(""HTTP://img.bricklink.com/P/63/3045.jpg"")",3045,Slope 45 2 x 2 Double Convex,Dark Blue,87,0.0820,7.134,
316,"=IMAGE(""HTTP://img.bricklink.com/P/85/3045.jpg"")",3045,Slope 45 2 x 2 Double Convex,Dark Bluish Gray,65,0.1738,11.297,
317,"=IMAGE(""HTTP://img.bricklink.com/P/69/3045.jpg"")",3045,Slope 45 2 x 2 Double Convex,Dark Tan,31,0.2809,8.707899999999999,
318,"=IMAGE(""HTTP://img.bricklink.com/P/6/3045.jpg"")",3045,Slope 45 2 x 2 Double Convex,Green,33,0.4106,13.549800000000001,
319,"=IMAGE(""HTTP://img.bricklink.com/P/1/58181.jpg"")",58181,Slope 33 3 x 6 without Inner Walls,White,21,0.1617,3.3957,
320,"=IMAGE(""HTTP://img.bricklink.com/P/5/3046a.jpg"")",3046a,Slope 45 2 x 2 Double Concave,Red,22,0.2590,5.698,
321,"=IMAGE(""HTTP://img.bricklink.com/P/63/3046a.jpg"")",3046a,Slope 45 2 x 2 Double Concave,Dark Blue,86,0.1416,12.1776,
322,"=IMAGE(""https://lh3.googleusercontent.com/gggQNg0uS7SULmfLesAnlH30p2TzFfURnlKr3h4qPZyrS8VELvq1u9aC-kSb99qn6kMOchlXl5sZ1F6kpQgH7S7WSjFrljrFrXs9t7_i4S0gkyqpSjKvT19wXsckBswXnDNgjJMA4yu4sfeuy-dEn8QudXNsgHQ3MzQITx81gtimSyhPM-DR2y8VDfsCi8GuRcAvg2jnDmE3lt6B8nqyGSswPr_s15WX5eM0n0bT7Hlr5auq2TnxUoaDmPqelCxF338Cq0T1lA30Jh2O_Wq6JAxSovlOJG-W9punVC8dvE8juF8AowUY2OzVdwQW3Y-p9FCqJ2SwTu1j6s9AerWWXasIMPkE6ovBrtlXYd9KIRMLX3lQUBDA3VCX2cawYA4w5lH_4qCavgGTt1_j3XzkzJ1TTYub10HpAvUcWOkYzjZpeUZz7EZQASGc6_ZaP3UqV-UjGrDyB7h8tLeVCGSio4ASv-1Oe8Ap_KJEbha-w4VtzrBVaoWu5mLKZ2rSIwSaRFEVf7DOMxVkqhmB0t3l6-vXkrHEYs99mRTRtdRe6NimXTCNyBW0Ivo0WzwXqVR7hhY2PZtbGXauWSaHnt1iHmG-JQD3If6O2bN3T4Rf29UBb4IM96Z13_0AGbBUpedeMxSUjIkj8rFDbcX9FtIDJ4LGZgi9BT85OmvUvXhQ5T-aYgoIvwqT9tsBDfXDCSXpIZJeGemCGp_hvr_6g3yogHIueg=w1278-h959-no"")",N/A,Various Slopes,Various,58,0.1,5.800000000000001,"Green, LBG, Blue, Flesh"
323,"=IMAGE(""HTTP://img.bricklink.com/P/6/30182.jpg"")",30182,Slope 45 4 x 4,Green,18,0.0000,0.0,"plus red 32083, plue 3675"
324,"=IMAGE(""HTTP://img.bricklink.com/P/6/3038.jpg"")",3038,Slope 45 2 x 3,Green,97,0.7434,72.10979999999999,
325,"=IMAGE(""HTTP://img.bricklink.com/P/63/3038.jpg"")",3038,Slope 45 2 x 3,Dark Blue,110,0.0902,9.922,
326,"=IMAGE(""HTTP://img.bricklink.com/P/6/4161.jpg"")",4161,Slope 33 3 x 3,Green,25,3.8200,95.5,
327,"=IMAGE(""HTTP://img.bricklink.com/P/86/3038.jpg"")",3038,Slope 45 2 x 3,Light Bluish Gray,12,0.2170,2.604,
328,"=IMAGE(""HTTP://img.bricklink.com/P/13/4176.jpg"")",4176,Windscreen 2 x 6 x 2,Trans-Black,126,0.1554,19.5804,
329,"=IMAGE(""HTTP://img.bricklink.com/P/1/30236.jpg"")",30236,"Brick, Modified 1 x 2 with Handle",White,714,0.0310,22.134,
330,"=IMAGE(""HTTP://img.bricklink.com/P/85/61780.jpg"")",61780,"Container, Box 2 x 2 x 2 - Top Opening",Dark Bluish Gray,130,0.1284,16.691999999999997,
331,"=IMAGE(""HTTP://img.bricklink.com/P/1/3829c01.jpg"")",3829c01,"Vehicle, Steering Stand 1 x 2 with Black Steering Wheel",Various,130,0.1,13.0,"Steering wheels, antennas, technic pins"
332,"=IMAGE(""HTTP://img.bricklink.com/P/1/3659.jpg"")",3659,"Brick, Arch 1 x 4",White,348,0.0680,23.664,
333,"=IMAGE(""HTTP://img.bricklink.com/P/5/7039c01.jpg"")",7039c01,"Wheel Old with 4 Studs, with Black Tire Smooth Old Style - Small (7039 / 132-old)",Red,36,0.0000,0.0,
334,"=IMAGE(""HTTP://img.bricklink.com/P/88/2339.jpg"")",2339,"Brick, Arch 1 x 5 x 4 - Continuous Bow",Reddish Brown,18,0.2230,4.014,
335,"=IMAGE(""HTTP://img.bricklink.com/P/88/60481.jpg"")",60481,Slope 65 2 x 1 x 2,Reddish Brown,17,0.0765,1.3005,
336,"=IMAGE(""HTTP://img.bricklink.com/P/6/3741.jpg"")",3741,Plant Flower Stem,Green,215,0.0490,10.535,
337,"=IMAGE(""HTTP://img.bricklink.com/P/3/98262.jpg"")",98262,Plant Flower 2 x 2 Rounded - Solid Stud,Yellow,116,0.0472,5.4752,
338,"=IMAGE(""HTTP://img.bricklink.com/P/5/98262.jpg"")",98262,Plant Flower 2 x 2 Rounded - Solid Stud,Red,41,0.0708,2.9028,
339,"=IMAGE(""HTTP://img.bricklink.com/P/1/98262.jpg"")",98262,Plant Flower 2 x 2 Rounded - Solid Stud,White,29,0.2166,6.2814,
340,"=IMAGE(""HTTP://img.bricklink.com/P/6/4727.jpg"")",4727,Plant Flower 2 x 2 Leaves - Angular,Green,36,0.2157,7.7652,
341,"=IMAGE(""HTTP://img.bricklink.com/P/1/2417.gif"")",2417,Plant Leaves 6 x 5,Light Green,55,0.0000,0.0,
342,"=IMAGE(""HTTP://img.bricklink.com/P/115/30046.jpg"")",30046,Window 1 x 2 x 2 2/3 Pane Lattice Diamond with Rounded Top,Pearl Gold,76,0.1249,9.4924,
343,"=IMAGE(""HTTP://img.bricklink.com/P/1/33303.jpg"")",33303,Fence 1 x 4 x 2 Paled (Picket),White,115,0.1616,18.584,
344,"=IMAGE(""HTTP://img.bricklink.com/P/12/3823.jpg"")",3823,Windscreen 2 x 4 x 2,Trans-Clear,29,0.1411,4.0919,
345,"=IMAGE(""HTTP://img.bricklink.com/P/1/4130.jpg"")",4130,Door Frame 2 x 4 x 5,White,10,0.3202,3.202,With Yellow Door
346,"=IMAGE(""HTTP://img.bricklink.com/P/5/6236.jpg"")",6236,Window 2 x 6 x 6 Freestyle,Red,15,0.9500,14.25,"with white windows, 5 are doors"
347,"=IMAGE(""N/A"")",N/A,Various Windscreens,Various,15,0.1,1.5,
348,"=IMAGE(""HTTP://img.bricklink.com/P/86/4345.jpg"")",4345,"Container, Box 2 x 2 x 2",Light Bluish Gray,25,0.0673,1.6824999999999999,With white door with slot
349,"=IMAGE(""HTTP://img.bricklink.com/P/11/30391.jpg"")",30391,Tire 30.4 x 14 Offset Tread,Black,53,0.1783,9.4499,With wheel
350,"=IMAGE(""HTTP://img.bricklink.com/P/6/30176.jpg"")",30176,"Plant Brick, Round 1 x 1 with 3 Bamboo Leaves",Green,102,0.0803,8.1906,
351,"=IMAGE(""HTTP://img.bricklink.com/P/1/6079.jpg"")",6079,Fence 1 x 8 x 2 2/3,White,8,0.4635,3.708,
352,"=IMAGE(""HTTP://img.bricklink.com/P/6/30239.jpg"")",30239,Plant Leaves 6 x 5 Swordleaf with Clip,Green,22,0.6607,14.5354,
353,"=IMAGE(""HTTP://img.bricklink.com/P/1/4624c01.jpg"")",4624c01,Wheel  8mm D. x 6mm with Black Tire 14mm D. x 4mm Smooth Small Single &#40;4624 / 3139&#41;,White,52,0.1152,5.9904,
354,"=IMAGE(""HTTP://img.bricklink.com/P/11/3137c01assy2.jpg"")",3137c01assy2,"Brick, Modified 2 x 2 with Wheels Red for Single Tire with Black Tires 15mm D. x 6mm Offset Tread Small &#40;3137c01 / 3641&#41;",Red,8,0.0000,0.0,
355,"=IMAGE(""HTTP://img.bricklink.com/P/86/74967c01.jpg"")",74967c01,"Wheel  8mm D. x 9mm, Hole Notched for Wheels Holder Pin, Reinforced Back with Black Tire 14mm D. x 9mm Smooth Small Wide Slick &#40;74967 / 30028&#41;",Light Bluish Gray,261,0.0690,18.009,
356,"=IMAGE(""HTTP://img.bricklink.com/P/5/715c01.jpg"")",715c01,"Wheel Old with 12 Studs, with Black Tire Smooth Old Style - Large (715 / 36)",Red,4,2.1900,8.76,
357,"=IMAGE(""HTTP://img.bricklink.com/P/86/55982.jpg"")",55982,"Wheel 18mm D. x 14mm with Axle Hole, Fake Bolts and Shallow Spokes",Light Bluish Gray,33,0.0791,2.6103,With Tire 30391
358,"=IMAGE(""HTTP://img.bricklink.com/P/86/56902.jpg"")",56902,Wheel 18mm D. x  8mm with Fake Bolts and Shallow Spokes,Light Bluish Gray,28,0.1571,4.3988,With treaded tire
359,"=IMAGE(""HTTP://img.bricklink.com/P/86/56902.jpg"")",N/A,Yellow wheel w/tire,Yellow,8,0.1,0.8,Yellow wheel with Treaded tire double wide
360,"=IMAGE(""HTTP://img.bricklink.com/P/11/7049b.jpg"")",7049b,"Brick, Modified 2 x 4 with Wheels Holder Old and Trans-Clear Bottom",Black,20,2.4221,48.442,
361,"=IMAGE(""HTTP://img.bricklink.com/P/5/453.jpg"")",453,Window 1 x 4 x 2 with Fixed Glass,Red,60,0.0000,0.0,"19 1x4x2, 10 1x6x3, 25 1x2x2, 7 3579 w/door all same fixed glas style"
362,"=IMAGE(""HTTP://img.bricklink.com/P/1/60592.jpg"")",60592,Window 1 x 2 x 2 Flat Front,White,52,0.1932,10.0464,Includes some 1x2x3 windows
363,"=IMAGE(""HTTP://img.bricklink.com/P/2/60592.jpg"")",60592,Window 1 x 2 x 2 Flat Front,Tan,49,0.1837,9.0013,Includes some 1x2x3 windows
364,"=IMAGE(""HTTP://img.bricklink.com/P/1/3579.jpg"")",3579,Door Frame 1 x 3 x 4,White,18,0.0000,0.0,Includes various colored doors and some white windows eg. 453
366,"=IMAGE(""HTTP://img.bricklink.com/P/5/3581.jpg"")",3581,"Brick, Modified 1 x 1 x 2 with Shutter Holder",Red,30,1.7099,51.297,"with some white, discolored"
367,"=IMAGE(""HTTP://img.bricklink.com/P/3/4132.jpg"")",4132,Window 2 x 4 x 3 Frame,Yellow,17,0.1168,1.9856,"with white panes, with a couple blue and red"
368,"=IMAGE(""HTTP://img.bricklink.com/P/1/60594.jpg"")",N/A,Various Window/Door/Fence,Various,40,0.1,4.0,"shutters, doors, fences, windows"
369,"=IMAGE(""https://lh3.googleusercontent.com/3f_-DH6ul7nHOwmFoAbybGxkz4qoeEbw2clNiOlr4XuqTIXZ_9GX8lWN-ss1fFXh09Z2l7Yj_u8WJE5kizqmRRRr5RX8JZsG-XDk5LESSDHIMlrgiK6HQ2Bh3mfwebq8_hHVYLGPo8ZbRbq2Y9eaBGWAnUnNvwpL6nyJrq88ryRyoi_way3TkyMSIILMSN18Oi5JWfJSpWUrgowgidupqZ-BioomrnMIlo58gbWRgc1nLprfM8spSzDiD4X3X-FPV9TvMvWnrbqdOfVagjlvA4bXf0tsvFaBwmXCIiNDPRpyqdz7NSD5VAZsSjuWD8Lce_QTcM-va4cvjO0wc0FNUO7l8xxspvMRgaAtx67q88_sgHrGCQ8S0r2ZerR2DOPRh3xeZ7tFdWfY9rAiUomGYT3d5zWqD4h_-6CiMZUZAGJG4KLHB1okDiZph6q_RKMDMsyCq0Pd-m8E4uFrnm6UuJDViYzW2NjdzlXROloCyRVSvH8Wzyp4VDP19WYAGmE_6olk_NVcwZkuOaxAJL6a8msimAWGDjcSm6dm4SuOiGIsBGDJoA6lPC-jaDO9zCYrToinQqt55N41vX7gCerO_hb3FV9kXgtQ2XFR2YLsYCpXi2YEpWK20SgbCSGoeBuf_GUqL5xfgZICekd2im_tDkf269WBBHq0SV5ZfPuyqbce_ofOX3CcyNMxnRmJbZS3a3pRHvYeJNri280u9LDX4jtjdA=w1230-h923-no"")",N/A,Various Window/Door/Fence,Various,40,0.1,4.0,"shutters, doors, fences, windows"
370,"=IMAGE(""https://lh3.googleusercontent.com/-rY3VtIgXzcaUMEZgnBKsKVNtC5ZPS59haAKMB6ct-UoT2sIvjGw4eUWuYyDuDO9BlaWJEnG5gExkljdWVGiiW5G1UqPBveVJYI1vYfCssuxtuKB2gm6ydpOaBV40bcOhW9oPJinBTN1ybbnSoobvpZZ1S2T-Oq1FrTCpjQwNmDPojxXDHsKxbc4pHkNcrpeV6XnEqbTjZy0nts93T0wsagCx7m3nKYdOjGlDDzjRvMQsU7nzID-7g6sCLi3ttIFOrjn0kL4JRt4p7ueBdMdppCNWVKTTPV_zWQro4CrpsG2CXrKZ-gxJPhCa33TwnG8wS-9aLP_bBehSSX2yciM5aYDeIhGiV4iZYebJBBgg01Q7rSstIedUQ_uEAfcUKkDVGZvOqsCU27DxW9A8ZS8eGntsS43ypkhqyuMt3haKFuBqtY8DYmoBe9EVLaIVoUDyUa0xaj46dNayvNuAAv5P_sa0GI5omyYrZ1WO_lgTvlS_AcmEgODIrARB_BuBrI3PCS65Cpy4rFmVn2cvHGov8xRksWF6FHvxsl99W0-zko4r6tjKYHtC8i5Ps6dRojKeMC3uj-0mniV2TLyym0LwRR0qciyBhu094mpvXfYtE2MEl61LwGrnvuqRjGuGlo670h2NNqkLDnT7NDeivST-rMisqf7ov7LRCBSWhkTqKObMOPxfP8iKuRx1V1_FpVWcA3MjY-DmWLlwfs0KC1w1o8Npw=w990-h1320-no"")",N/A,Various Car parts,Various,70,0.1,7.0,"2 large tires, chassis, 2x2 modified wheel holders, technic pins on bricks, etc"
371,"=IMAGE(""https://lh3.googleusercontent.com/gCICQhKuURFwmkln2QU7lj7hQZIVT5OXFELzHnnCM6dDlw7RLPg8TGagjMevB8COjJrr2ixSF6LHW2nGuW3flbfN_H7VA4DBLzbd1QVNDO9s4jZD_IfVEmsuSu-0b7mrHv9X0NNngmxBj1g3nsAin_QcK0HLTjufhe2NMS8RBTKhxIplBaROujLIp_cC_-ZVA5NHFNvca_oidAAAJBFnw1MYCMiyL-P5VsUry-Q2MDznX81JSWQU4-VcCo_A2ovGWot-cvYAtqUZ8skfqSx40psA5hWqxJUGZPAguM0Vg29HuxCkOFvU7e_GpDELAFlllwmfpkL3DdyfU6HyXvQaNWtuLvljQuADQVGkfM1XGqIeLIhHUzmYbEUUCr235NuFIHGNtvsFb1PFFWVlg2yKh7Ap4PhTicwe0QXx6QfJvI3XuV6l_F3jkPDzK-exkwhcHuhP3IKjun7Pp7i5flbM8tBS6mxdyWTLnT2HWVNN_ols5wkey3lDfUISTcnAKTIz2EZ-3ybjrmlUQNI2W3hHgHvjkGvUZpqKAmxYm2ZlomBnkzkaQXUzI11zQsHHnRnpgT--sCI4RvE5eflTNeLipW150DNaVS7Oc6EuGE1KZDPnc_HQnxzGC-ePNuDgzAojMJwFy32CHLOtC79uTEy5a1BztqtKl8bxgX5v2mtJQKMd26EAJaQ6M__iKKGpRetfvzMpew919kK-jZdo54zOBQfX_g=w792-h1056-no"")",N/A,Various Arches,Various,97,0.1,9.700000000000001,
372,"=IMAGE(""HTTP://img.bricklink.com/P/88/3003.jpg"")",3003,Brick 2 x 2,Reddish Brown,325,0.0531,17.2575,
373,"=IMAGE(""HTTP://img.bricklink.com/P/7/3003.jpg"")",3003,Brick 2 x 2,Blue,934,0.0443,41.3762,
374,"=IMAGE(""HTTP://img.bricklink.com/P/3/3003.jpg"")",3003,Brick 2 x 2,Yellow,909,0.0439,39.905100000000004,
375,"=IMAGE(""HTTP://img.bricklink.com/P/5/3003.jpg"")",3003,Brick 2 x 2,Red,1194,0.0449,53.610600000000005,
376,"=IMAGE(""HTTP://img.bricklink.com/P/11/3003.jpg"")",3003,Brick 2 x 2,Black,791,0.0788,62.330799999999996,
377,"=IMAGE(""HTTP://img.bricklink.com/P/6/3003.jpg"")",3003,Brick 2 x 2,Green,494,0.0469,23.168599999999998,
378,"=IMAGE(""HTTP://img.bricklink.com/P/2/3003.jpg"")",3003,Brick 2 x 2,Tan,313,0.0610,19.093,
379,"=IMAGE(""HTTP://img.bricklink.com/P/34/3003.jpg"")",3003,Brick 2 x 2,Lime,378,0.0372,14.061599999999999,
380,"=IMAGE(""HTTP://img.bricklink.com/P/7/3003.jpg"")",3003,Brick 2 x 2,Light Bluish Gray,246,0.0753,18.5238,
381,"=IMAGE(""HTTP://img.bricklink.com/P/104/3003.jpg"")",3003,Brick 2 x 2,Bright Pink,269,0.0584,15.7096,
382,"=IMAGE(""HTTP://img.bricklink.com/P/24/3003.jpg"")",3003,Brick 2 x 2,Purple,77,0.9522,73.3194,
383,"=IMAGE(""HTTP://img.bricklink.com/P/47/3003.jpg"")",3003,Brick 2 x 2,Dark Pink,372,0.0497,18.488400000000002,
384,"=IMAGE(""HTTP://img.bricklink.com/P/4/3003.jpg"")",3003,Brick 2 x 2,Orange,318,0.0406,12.910799999999998,
385,"=IMAGE(""HTTP://img.bricklink.com/P/42/3003.jpg"")",3003,Brick 2 x 2,Medium Blue,367,0.0864,31.7088,
386,"=IMAGE(""HTTP://img.bricklink.com/P/1/3003.jpg"")",3003,Brick 2 x 2,White,958,0.0647,61.98259999999999,
387,"=IMAGE(""HTTP://img.bricklink.com/P/7/3003.jpg"")",3003,Brick 2 x 2,Dark Bluish Gray,57,0.0783,4.4631,
388,"=IMAGE(""HTTP://img.bricklink.com/P/6/3022.jpg"")",3022,Plate 2 x 2,Light Bluish Gray,160,0.0424,6.784,
389,"=IMAGE(""HTTP://img.bricklink.com/P/6/3022.jpg"")",3022,Plate 2 x 2,Green,28,0.0509,1.4252,
390,"=IMAGE(""HTTP://img.bricklink.com/P/6/3022.jpg"")",3022,Plate 2 x 2,Dark Bluish Gray,154,0.0479,7.3766,
391,"=IMAGE(""HTTP://img.bricklink.com/P/156/3022.jpg"")",3022,Plate 2 x 2,Medium Azure,246,0.0755,18.573,
392,"=IMAGE(""HTTP://img.bricklink.com/P/1/3022.jpg"")",3022,Plate 2 x 2,White,171,0.0563,9.6273,
393,"=IMAGE(""HTTP://img.bricklink.com/P/88/3022.jpg"")",3022,Plate 2 x 2,Reddish Brown,25,0.0391,0.9775,
394,"=IMAGE(""HTTP://img.bricklink.com/P/2/3022.jpg"")",3022,Plate 2 x 2,Tan,18,0.0526,0.9468,
395,"=IMAGE(""HTTP://img.bricklink.com/P/7/3022.jpg"")",3022,Plate 2 x 2,Blue,232,0.0475,11.02,
396,"=IMAGE(""HTTP://img.bricklink.com/P/34/3022.jpg"")",3022,Plate 2 x 2,Lime,295,0.0374,11.033000000000001,
397,"=IMAGE(""HTTP://img.bricklink.com/P/4/3022.jpg"")",3022,Plate 2 x 2,Orange,262,0.0373,9.7726,
398,"=IMAGE(""HTTP://img.bricklink.com/P/5/3022.jpg"")",3022,Plate 2 x 2,Red,214,0.0509,10.8926,
399,"=IMAGE(""HTTP://img.bricklink.com/P/11/3022.jpg"")",3022,Plate 2 x 2,Black,182,0.0481,8.754199999999999,
400,"=IMAGE(""HTTP://img.bricklink.com/P/3/3022.jpg"")",3022,Plate 2 x 2,Yellow,195,0.0404,7.878,
402,"=IMAGE(""HTTP://img.bricklink.com/P/89/3022.jpg"")",3022,Plate 2 x 2,Dark Purple,54,0.2159,11.6586,
403,"=IMAGE(""HTTP://img.bricklink.com/P/17/3003.jpg"")",3003,Brick 2 x 2,Trans-Red,12,0.0990,1.1880000000000002,
404,"=IMAGE(""HTTP://img.bricklink.com/P/5/3001.jpg"")",3001,Brick 2 x 4,Red,878,0.1297,113.87660000000001,
405,"=IMAGE(""HTTP://img.bricklink.com/P/59/3001.jpg"")",3001,Brick 2 x 4,Dark Red,189,0.1925,36.3825,
406,"=IMAGE(""HTTP://img.bricklink.com/P/6/3001.jpg"")",3001,Brick 2 x 4,Green,222,0.1212,26.9064,
407,"=IMAGE(""HTTP://img.bricklink.com/P/89/3001.jpg"")",3001,Brick 2 x 4,Dark Purple,304,0.1354,41.1616,
408,"=IMAGE(""HTTP://img.bricklink.com/P/7/3001.jpg"")",3001,Brick 2 x 4,Blue,592,0.1200,71.03999999999999,
409,"=IMAGE(""HTTP://img.bricklink.com/P/4/3001.jpg"")",3001,Brick 2 x 4,Orange,215,0.1181,25.3915,
410,"=IMAGE(""HTTP://img.bricklink.com/P/7/3001.jpg"")",3001,Brick 2 x 4,Dark Bluish Gray,219,0.1574,34.470600000000005,
411,"=IMAGE(""HTTP://img.bricklink.com/P/7/3001.jpg"")",3001,Brick 2 x 4,Metallic Gold,15,2.8520,42.78,
412,"=IMAGE(""HTTP://img.bricklink.com/P/7/3001.jpg"")",3001,Brick 2 x 4,Dark Blue,37,0.6509,24.0833,
413,"=IMAGE(""HTTP://img.bricklink.com/P/7/3001.jpg"")",3001,Brick 2 x 4,Medium Lavender,53,0.1574,8.3422,
414,"=IMAGE(""HTTP://img.bricklink.com/P/12/3001.jpg"")",3001,Brick 2 x 4,Trans-Clear,25,2.4049,60.1225,
415,"=IMAGE(""HTTP://img.bricklink.com/P/1/3001.jpg"")",3001,Brick 2 x 4,Various,50,0.1,5.0,"Various colors, Sand Green, Light Yellow, Dark Tan, Lavenderish, Turqoise?"
416,"=IMAGE(""HTTP://img.bricklink.com/P/3/3008.jpg"")",3008,Brick 1 x 8,Yellow,95,0.1442,13.699,
417,"=IMAGE(""HTTP://img.bricklink.com/P/5/3008.jpg"")",3008,Brick 1 x 8,Red,132,0.1794,23.6808,
418,"=IMAGE(""HTTP://img.bricklink.com/P/2/3008.jpg"")",3008,Brick 1 x 8,Tan,67,0.2759,18.4853,
419,"=IMAGE(""HTTP://img.bricklink.com/P/1/3008.jpg"")",3008,Brick 1 x 8,White,72,0.2694,19.3968,
420,"=IMAGE(""HTTP://img.bricklink.com/P/1/3008.jpg"")",3008,Brick 1 x 8,Light Bluish Gray,55,0.3937,21.6535,
421,"=IMAGE(""HTTP://img.bricklink.com/P/11/3008.jpg"")",3008,Brick 1 x 8,Black,50,0.3425,17.125,
422,"=IMAGE(""HTTP://img.bricklink.com/P/7/3008.jpg"")",3008,Brick 1 x 8,Blue,50,0.1332,6.660000000000001,
423,"=IMAGE(""HTTP://img.bricklink.com/P/5/3460.jpg"")",3460,Plate 1 x 8,Red,60,0.1583,9.498,
424,"=IMAGE(""HTTP://img.bricklink.com/P/6/3460.jpg"")",3460,Plate 1 x 8,Green,30,0.1855,5.5649999999999995,
425,"=IMAGE(""HTTP://img.bricklink.com/P/1/3622.jpg"")",3622,Brick 1 x 3,White,295,0.0831,24.514499999999998,
426,"=IMAGE(""HTTP://img.bricklink.com/P/6/3622.jpg"")",3622,Brick 1 x 3,Green,177,0.0531,9.3987,
427,"=IMAGE(""HTTP://img.bricklink.com/P/11/3622.jpg"")",3622,Brick 1 x 3,Black,100,0.1257,12.57,
428,"=IMAGE(""HTTP://img.bricklink.com/P/110/3622.jpg"")",3622,Brick 1 x 3,Light Bluish Gray,58,0.0950,5.51,
429,"=IMAGE(""HTTP://img.bricklink.com/P/110/3622.jpg"")",3622,Brick 1 x 3,Brown,95,0.4611,43.8045,
430,"=IMAGE(""HTTP://img.bricklink.com/P/34/3622.jpg"")",3622,Brick 1 x 3,Lime,24,0.0506,1.2144,
431,"=IMAGE(""HTTP://img.bricklink.com/P/3/3622.jpg"")",3622,Brick 1 x 3,Yellow,158,0.0487,7.6946,
432,"=IMAGE(""HTTP://img.bricklink.com/P/110/3622.jpg"")",3622,Brick 1 x 3,Reddish Brown,70,0.0735,5.145,
433,"=IMAGE(""HTTP://img.bricklink.com/P/5/3622.jpg"")",3622,Brick 1 x 3,Red,251,0.0670,16.817,
434,"=IMAGE(""HTTP://img.bricklink.com/P/153/3009.jpg"")",3009,Brick 1 x 6,Reddish Brown,35,0.1475,5.1625,
435,"=IMAGE(""HTTP://img.bricklink.com/P/7/3009.jpg"")",3009,Brick 1 x 6,Blue,147,0.0923,13.5681,
436,"=IMAGE(""HTTP://img.bricklink.com/P/8/3009.jpg"")",3009,Brick 1 x 6,Brown,52,0.5311,27.6172,
437,"=IMAGE(""HTTP://img.bricklink.com/P/1/3009.jpg"")",3009,Brick 1 x 6,White,226,0.1555,35.143,
439,"=IMAGE(""HTTP://img.bricklink.com/P/1/3009.jpg"")",3009,Brick 1 x 6,Various,28,0.1,2.8000000000000003,"Tan, DBG, and Azure"
440,"=IMAGE(""HTTP://img.bricklink.com/P/3/3009.jpg"")",3009,Brick 1 x 6,Yellow,183,0.0885,16.1955,
441,"=IMAGE(""HTTP://img.bricklink.com/P/6/3009.jpg"")",3009,Brick 1 x 6,Green,52,0.1395,7.2540000000000004,
442,"=IMAGE(""HTTP://img.bricklink.com/P/153/3009.jpg"")",3009,Brick 1 x 6,Light Bluish Gray,62,0.2052,12.7224,
443,"=IMAGE(""HTTP://img.bricklink.com/P/24/3009.jpg"")",3009,Brick 1 x 6,Purple,27,0.6016,16.2432,
444,"=IMAGE(""HTTP://img.bricklink.com/P/11/3009.jpg"")",3009,Brick 1 x 6,Black,80,0.2234,17.872,
445,"=IMAGE(""HTTP://img.bricklink.com/P/5/3009.jpg"")",3009,Brick 1 x 6,Red,119,0.0982,11.685799999999999,
447,"=IMAGE(""HTTP://img.bricklink.com/P/1/6111.jpg"")",6111,Brick 1 x 10,White,47,0.3788,17.803600000000003,
448,"=IMAGE(""HTTP://img.bricklink.com/P/1/2465.jpg"")",2465,Brick 1 x 16,White,122,0.5733,69.9426,
449,"=IMAGE(""HTTP://img.bricklink.com/P/63/6111.jpg"")",6111,Brick 1 x 10,Light Bluish Gray,13,0.3262,4.2406,
450,"=IMAGE(""HTTP://img.bricklink.com/P/110/3623.jpg"")",3623,Plate 1 x 3,Light Bluish Gray,143,0.0771,11.0253,
451,"=IMAGE(""HTTP://img.bricklink.com/P/1/6636.jpg"")",6636,Tile 1 x 6,Various,139,0.1,13.9,"Various 1x6/1x10 plates, Yellow, White Black"
452,"=IMAGE(""HTTP://img.bricklink.com/P/220/3023.jpg"")",3023,Plate 1 x 2,Medium Lavender,1219,0.0264,32.1816,
453,"=IMAGE(""HTTP://img.bricklink.com/P/220/3023.jpg"")",3023,Plate 1 x 2,Reddish Brown,900,0.0387,34.83,
454,"=IMAGE(""HTTP://img.bricklink.com/P/2/3023.jpg"")",3023,Plate 1 x 2,Tan,1155,0.0469,54.1695,
455,"=IMAGE(""HTTP://img.bricklink.com/P/42/3023.jpg"")",3023,Plate 1 x 2,Medium Blue,252,0.0530,13.356,
456,"=IMAGE(""HTTP://img.bricklink.com/P/104/3023.jpg"")",3023,Plate 1 x 2,Bright Pink,191,0.0497,9.492700000000001,
457,"=IMAGE(""HTTP://img.bricklink.com/P/34/3023.jpg"")",3023,Plate 1 x 2,Lime,1052,0.0293,30.8236,
458,"=IMAGE(""HTTP://img.bricklink.com/P/12/3023.jpg"")",3023,Plate 1 x 2,Trans-Clear,550,0.0905,49.775,
459,"=IMAGE(""HTTP://img.bricklink.com/P/12/3004.jpg"")",3004,Brick 1 x 2,Trans-Clear,267,0.2198,58.6866,
460,"=IMAGE(""HTTP://img.bricklink.com/P/59/3004.jpg"")",3004,Brick 1 x 2,Dark Red,466,0.0636,29.637600000000003,
461,"=IMAGE(""HTTP://img.bricklink.com/P/3/3004.jpg"")",3004,Brick 1 x 2,Yellow,1183,0.0341,40.3403,
462,"=IMAGE(""HTTP://img.bricklink.com/P/6/3004.jpg"")",3004,Brick 1 x 2,Green,470,0.0352,16.544,
463,"=IMAGE(""HTTP://img.bricklink.com/P/5/3004.jpg"")",3004,Brick 1 x 2,Red,1308,0.0437,57.159600000000005,
464,"=IMAGE(""HTTP://img.bricklink.com/P/1/3004.jpg"")",3004,Brick 1 x 2,White,1175,0.0552,64.86,
465,"=IMAGE(""HTTP://img.bricklink.com/P/88/3004.jpg"")",3004,Brick 1 x 2,Reddish Brown,335,0.0494,16.549,
466,"=IMAGE(""HTTP://img.bricklink.com/P/8/3004.jpg"")",3004,Brick 1 x 2,Brown,513,0.2777,142.4601,
467,"=IMAGE(""HTTP://img.bricklink.com/P/4/3004.jpg"")",3004,Brick 1 x 2,Orange,355,0.0378,13.419,
468,"=IMAGE(""HTTP://img.bricklink.com/P/2/3004.jpg"")",3004,Brick 1 x 2,Tan,393,0.0715,28.0995,
469,"=IMAGE(""HTTP://img.bricklink.com/P/7/3004.jpg"")",3004,Brick 1 x 2,Blue,1100,0.0359,39.49,
470,"=IMAGE(""HTTP://img.bricklink.com/P/34/3004.jpg"")",3004,Brick 1 x 2,Lime,163,0.0286,4.6618,
471,"=IMAGE(""HTTP://img.bricklink.com/P/12/3004.jpg"")",3004,Brick 1 x 2,Bright Pink,102,0.0448,4.5696,
472,"=IMAGE(""HTTP://img.bricklink.com/P/12/3004.jpg"")",3004,Brick 1 x 2,Medium Blue,122,0.0499,6.0878,
473,"=IMAGE(""HTTP://img.bricklink.com/P/24/3004.jpg"")",3004,Brick 1 x 2,Purple,85,1.4502,123.267,
474,"=IMAGE(""HTTP://img.bricklink.com/P/10/3004.jpg"")",3004,Brick 1 x 2,Dark Gray,130,0.2136,27.768,
475,"=IMAGE(""HTTP://img.bricklink.com/P/1/3004.jpg"")",3004,Brick 1 x 2,Various,76,0.1,7.6000000000000005,Olive Green and Dark Pink
476,"=IMAGE(""HTTP://img.bricklink.com/P/1/3004.jpg"")",3004,Brick 1 x 2,Various Clear,57,0.1,5.7,"Trans Dark Blue, Trans light BLue, Trans-Red"
477,"=IMAGE(""HTTP://img.bricklink.com/P/3/3004px6.jpg"")",3004px6,Brick 1 x 2 with Eyes and Smile Pattern,Yellow,33,0.0458,1.5114,
478,"=IMAGE(""HTTP://img.bricklink.com/P/153/3001.jpg"")",3001,Brick 2 x 4,Dark Azure,99,0.1350,13.365,
479,"=IMAGE(""HTTP://img.bricklink.com/P/7/3001.jpg"")",3001,Brick 2 x 4,Medium Blue,187,0.1930,36.091,
480,"=IMAGE(""HTTP://img.bricklink.com/P/7/3001.jpg"")",3001,Brick 2 x 4,Tan,196,0.1331,26.0876,
481,"=IMAGE(""HTTP://img.bricklink.com/P/8/3001.jpg"")",3001,Brick 2 x 4,Brown,104,0.4979,51.7816,
482,"=IMAGE(""HTTP://img.bricklink.com/P/88/3001.jpg"")",3001,Brick 2 x 4,Reddish Brown,74,0.1190,8.806,
483,"=IMAGE(""HTTP://img.bricklink.com/P/86/3001.jpg"")",3001,Brick 2 x 4,Light Bluish Gray,214,0.1619,34.6466,With some Old Light Gray
484,"=IMAGE(""HTTP://img.bricklink.com/P/34/3001.jpg"")",3001,Brick 2 x 4,Lime,188,0.0977,18.3676,
485,"=IMAGE(""HTTP://img.bricklink.com/P/11/3001.jpg"")",3001,Brick 2 x 4,Black,446,0.1603,71.4938,
486,"=IMAGE(""HTTP://img.bricklink.com/P/104/3001.jpg"")",3001,Brick 2 x 4,Bright Pink,138,0.1147,15.8286,
487,"=IMAGE(""HTTP://img.bricklink.com/P/1/3001.jpg"")",3001,Brick 2 x 4,White,770,0.1513,116.50099999999999,
488,"=IMAGE(""HTTP://img.bricklink.com/P/3/3001.jpg"")",3001,Brick 2 x 4,Yellow,581,0.1257,73.0317,With a few squiggly face prints
489,"=IMAGE(""https://lh3.googleusercontent.com/J168DpSCUlZesT301IzsCXjt05D4o3h284pgkkpUEBaIxiru3dv_SXYX0hOUIXChWf8QRSUwJ58kZabZtCE4XvJozTVM6Yu38PyU_W_qmcH7dBJN1ijfe2Ie_FmYy663Gm308j77PyyCMkAfaMPzALkoVNkl8BuiwpZucDUP0iEHI1MUlbw7rOMDPBO5fvtsfc_9oEj8flkpspSlVo7Jx15hBdVEGhwQfGE4g1ptMam4a5hzDa2IQAgtBKPPVZr4kN_Dkpjrnea_b1D_fSdw0oI_QxuDF61bUGVSognwiM03W9Isajq1Y_W0w3mfDrBC9HiPLl5_Hjlkl1ax9TMbFW-3MisUatRjbbP0WoGn9RNS1Nkq6vwD10a8kGlYdOOeWoM45EvhoZnmoLGCdvKCmMo8sL_UqQtWL_Cc7gmSoCdikUh8tZ3TZ5jOeRNs3riwz6v0q72Vsv8xNzUvuXy9UukIq6ITKpJUPbs0fjpGH6CjmjbxPyaA33-Slixwdgkd_CQQAXQI5Rkg2JhBLUykQCGDBCHZFN2kCZGYD3ZEJWa1-yoJ35ZCyDILa5ldyTjvlICr-aTAonyUZRKBXWnVW1Gd78wCVEyEhfA1TGr8ki_sQAnc2I-h-oOxk0n2aGaj0YtEW3ZkH5xPkAtxueW-lR9Bz1a89Aine56lYphTzBqubFI0r4uuSxMQhcu9P8A3XPTn20214e757nkoXunB2kuG3g=w1230-h923-no"")",N/A,Minifigures,Various,50,0.1,5.0,"Random People, not necessarily complete"
490,"=IMAGE(""HTTP://img.bricklink.com/P/12/3004.jpg"")",3004,Brick 1 x 2,Trans-Black,611,0.1941,118.5951,
492,"=IMAGE(""HTTP://img.bricklink.com/P/48/3040.jpg"")",3040,Slope 45 2 x 1,Sand Green,126,0.1677,21.1302,
493,"=IMAGE(""HTTP://img.bricklink.com/P/48/3039.jpg"")",3039,Slope 45 2 x 2,Sand Green,80,0.5633,45.064,
494,"=IMAGE(""HTTP://img.bricklink.com/P/48/4445.jpg"")",4445,Slope 45 2 x 8,Sand Green,32,0.8463,27.0816,
